court,language,fymon,total,granted,denied,other
Detroit,total,2000-10,44.0,18.0,26.0,0.0
Detroit,total,2000-11,72.0,14.0,58.0,0.0
Detroit,total,2000-12,49.0,17.0,32.0,0.0
Detroit,total,2001-01,25.0,2.0,23.0,0.0
Detroit,total,2001-02,52.0,21.0,31.0,0.0
Detroit,total,2001-03,60.0,12.0,48.0,0.0
Detroit,total,2001-04,55.0,14.0,41.0,0.0
Detroit,total,2001-05,54.0,10.0,43.0,1.0
Detroit,total,2001-06,42.0,16.0,26.0,0.0
Detroit,total,2001-07,43.0,18.0,21.0,4.0
Detroit,total,2001-08,60.0,18.0,40.0,2.0
Detroit,total,2001-09,48.0,15.0,32.0,1.0
Detroit,total,2001-10,72.0,17.0,48.0,7.0
Detroit,total,2001-11,56.0,19.0,37.0,0.0
Detroit,total,2001-12,61.0,21.0,40.0,0.0
Detroit,total,2002-01,72.0,24.0,48.0,0.0
Detroit,total,2002-02,57.0,16.0,41.0,0.0
Detroit,total,2002-03,62.0,22.0,40.0,0.0
Detroit,total,2002-04,62.0,18.0,44.0,0.0
Detroit,total,2002-05,90.0,14.0,76.0,0.0
Detroit,total,2002-06,53.0,12.0,41.0,0.0
Detroit,total,2002-07,76.0,22.0,52.0,2.0
Detroit,total,2002-08,68.0,21.0,47.0,0.0
Detroit,total,2002-09,69.0,5.0,60.0,4.0
Detroit,total,2002-10,82.0,21.0,60.0,1.0
Detroit,total,2002-11,36.0,9.0,25.0,2.0
Detroit,total,2002-12,62.0,22.0,40.0,0.0
Detroit,total,2003-01,52.0,15.0,36.0,1.0
Detroit,total,2003-02,51.0,19.0,31.0,1.0
Detroit,total,2003-03,71.0,26.0,45.0,0.0
Detroit,total,2003-04,51.0,8.0,43.0,0.0
Detroit,total,2003-05,65.0,22.0,43.0,0.0
Detroit,total,2003-06,51.0,17.0,34.0,0.0
Detroit,total,2003-07,55.0,18.0,37.0,0.0
Detroit,total,2003-08,51.0,9.0,41.0,1.0
Detroit,total,2003-09,58.0,27.0,29.0,2.0
Detroit,total,2003-10,42.0,7.0,35.0,0.0
Detroit,total,2003-11,63.0,12.0,50.0,1.0
Detroit,total,2003-12,48.0,16.0,32.0,0.0
Detroit,total,2004-01,49.0,6.0,41.0,2.0
Detroit,total,2004-02,61.0,14.0,46.0,1.0
Detroit,total,2004-03,66.0,20.0,46.0,0.0
Detroit,total,2004-04,97.0,35.0,60.0,2.0
Detroit,total,2004-05,40.0,13.0,27.0,0.0
Detroit,total,2004-06,29.0,11.0,18.0,0.0
Detroit,total,2004-07,55.0,17.0,38.0,0.0
Detroit,total,2004-08,46.0,4.0,42.0,0.0
Detroit,total,2004-09,33.0,8.0,24.0,1.0
Detroit,total,2004-10,55.0,11.0,44.0,0.0
Detroit,total,2004-11,66.0,12.0,54.0,0.0
Detroit,total,2004-12,35.0,21.0,14.0,0.0
Detroit,total,2005-01,30.0,4.0,26.0,0.0
Detroit,total,2005-02,62.0,17.0,44.0,1.0
Detroit,total,2005-03,25.0,1.0,24.0,0.0
Detroit,total,2005-04,42.0,9.0,33.0,0.0
Detroit,total,2005-05,55.0,5.0,50.0,0.0
Detroit,total,2005-06,76.0,3.0,73.0,0.0
Detroit,total,2005-07,20.0,0.0,20.0,0.0
Detroit,total,2005-08,11.0,1.0,10.0,0.0
Detroit,total,2005-09,22.0,4.0,18.0,0.0
Detroit,total,2005-10,56.0,3.0,52.0,1.0
Detroit,total,2005-11,36.0,6.0,30.0,0.0
Detroit,total,2005-12,49.0,7.0,42.0,0.0
Detroit,total,2006-01,33.0,13.0,20.0,0.0
Detroit,total,2006-02,34.0,6.0,28.0,0.0
Detroit,total,2006-03,57.0,13.0,43.0,1.0
Detroit,total,2006-04,56.0,7.0,49.0,0.0
Detroit,total,2006-05,31.0,4.0,27.0,0.0
Detroit,total,2006-06,47.0,11.0,33.0,3.0
Detroit,total,2006-07,62.0,26.0,32.0,4.0
Detroit,total,2006-08,23.0,5.0,18.0,0.0
Detroit,total,2006-09,28.0,9.0,18.0,1.0
Detroit,total,2006-10,29.0,8.0,21.0,0.0
Detroit,total,2006-11,37.0,6.0,31.0,0.0
Detroit,total,2006-12,34.0,8.0,26.0,0.0
Detroit,total,2007-01,23.0,7.0,16.0,0.0
Detroit,total,2007-02,24.0,4.0,20.0,0.0
Detroit,total,2007-03,16.0,4.0,12.0,0.0
Detroit,total,2007-04,27.0,5.0,22.0,0.0
Detroit,total,2007-05,21.0,9.0,12.0,0.0
Detroit,total,2007-06,35.0,16.0,19.0,0.0
Detroit,total,2007-07,34.0,7.0,27.0,0.0
Detroit,total,2007-08,27.0,11.0,16.0,0.0
Detroit,total,2007-09,25.0,11.0,13.0,1.0
Detroit,total,2007-10,41.0,31.0,10.0,0.0
Detroit,total,2007-11,33.0,13.0,19.0,1.0
Detroit,total,2007-12,26.0,7.0,19.0,0.0
Detroit,total,2008-01,13.0,3.0,10.0,0.0
Detroit,total,2008-02,28.0,10.0,17.0,1.0
Detroit,total,2008-03,39.0,9.0,30.0,0.0
Detroit,total,2008-04,31.0,11.0,20.0,0.0
Detroit,total,2008-05,22.0,6.0,15.0,1.0
Detroit,total,2008-06,33.0,19.0,14.0,0.0
Detroit,total,2008-07,28.0,11.0,17.0,0.0
Detroit,total,2008-08,22.0,15.0,7.0,0.0
Detroit,total,2008-09,43.0,21.0,18.0,4.0
Detroit,total,2008-10,35.0,22.0,12.0,1.0
Detroit,total,2008-11,24.0,12.0,12.0,0.0
Detroit,total,2008-12,20.0,10.0,9.0,1.0
Detroit,total,2009-01,23.0,7.0,12.0,4.0
Detroit,total,2009-02,37.0,15.0,15.0,7.0
Detroit,total,2009-03,26.0,12.0,14.0,0.0
Detroit,total,2009-04,32.0,20.0,12.0,0.0
Detroit,total,2009-05,19.0,5.0,14.0,0.0
Detroit,total,2009-06,23.0,6.0,16.0,1.0
Detroit,total,2009-07,33.0,16.0,16.0,1.0
Detroit,total,2009-08,19.0,8.0,9.0,2.0
Detroit,total,2009-09,28.0,11.0,15.0,2.0
Detroit,total,2009-10,12.0,5.0,7.0,0.0
Detroit,total,2009-11,18.0,4.0,14.0,0.0
Detroit,total,2009-12,14.0,4.0,8.0,2.0
Detroit,total,2010-01,9.0,4.0,5.0,0.0
Detroit,total,2010-02,13.0,5.0,8.0,0.0
Detroit,total,2010-03,16.0,4.0,11.0,1.0
Detroit,total,2010-04,9.0,3.0,6.0,0.0
Detroit,total,2010-05,23.0,9.0,12.0,2.0
Detroit,total,2010-06,22.0,14.0,8.0,0.0
Detroit,total,2010-07,25.0,2.0,21.0,2.0
Detroit,total,2010-08,11.0,4.0,7.0,0.0
Detroit,total,2010-09,25.0,14.0,10.0,1.0
Detroit,total,2010-10,14.0,7.0,6.0,1.0
Detroit,total,2010-11,6.0,2.0,4.0,0.0
Detroit,total,2010-12,8.0,0.0,8.0,0.0
Detroit,total,2011-01,15.0,6.0,9.0,0.0
Detroit,total,2011-02,23.0,9.0,14.0,0.0
Detroit,total,2011-03,16.0,4.0,12.0,0.0
Detroit,total,2011-04,18.0,2.0,16.0,0.0
Detroit,total,2011-05,16.0,2.0,13.0,1.0
Detroit,total,2011-06,22.0,14.0,8.0,0.0
Detroit,total,2011-07,22.0,6.0,16.0,0.0
Detroit,total,2011-08,22.0,6.0,15.0,1.0
Detroit,total,2011-09,14.0,2.0,12.0,0.0
Detroit,total,2011-10,19.0,9.0,8.0,2.0
Detroit,total,2011-11,11.0,1.0,7.0,3.0
Detroit,total,2011-12,30.0,8.0,19.0,3.0
Detroit,total,2012-01,16.0,2.0,13.0,1.0
Detroit,total,2012-02,19.0,10.0,9.0,0.0
Detroit,total,2012-03,21.0,5.0,15.0,1.0
Detroit,total,2012-04,13.0,2.0,10.0,1.0
Detroit,total,2012-05,20.0,1.0,17.0,2.0
Detroit,total,2012-06,21.0,7.0,11.0,3.0
Detroit,total,2012-07,17.0,7.0,9.0,1.0
Detroit,total,2012-08,24.0,10.0,12.0,2.0
Detroit,total,2012-09,15.0,4.0,10.0,1.0
Detroit,total,2012-10,19.0,6.0,11.0,2.0
Detroit,total,2012-11,10.0,2.0,8.0,0.0
Detroit,total,2012-12,17.0,6.0,11.0,0.0
Detroit,total,2013-01,11.0,1.0,8.0,2.0
Detroit,total,2013-02,15.0,5.0,10.0,0.0
Detroit,total,2013-03,9.0,2.0,7.0,0.0
Detroit,total,2013-04,25.0,3.0,22.0,0.0
Detroit,total,2013-05,32.0,8.0,22.0,2.0
Detroit,total,2013-06,10.0,2.0,8.0,0.0
Detroit,total,2013-07,18.0,5.0,12.0,1.0
Detroit,total,2013-08,23.0,7.0,14.0,2.0
Detroit,total,2013-09,12.0,5.0,7.0,0.0
Detroit,total,2013-10,8.0,1.0,5.0,2.0
Detroit,total,2013-11,14.0,3.0,11.0,0.0
Detroit,total,2013-12,14.0,1.0,13.0,0.0
Detroit,total,2014-01,22.0,9.0,10.0,3.0
Detroit,total,2014-02,16.0,1.0,15.0,0.0
Detroit,total,2014-03,22.0,1.0,19.0,2.0
Detroit,total,2014-04,20.0,5.0,12.0,3.0
Detroit,total,2014-05,33.0,1.0,31.0,1.0
Detroit,total,2014-06,17.0,2.0,15.0,0.0
Detroit,total,2014-07,12.0,1.0,11.0,0.0
Detroit,total,2014-08,8.0,4.0,3.0,1.0
Detroit,total,2014-09,16.0,1.0,14.0,1.0
Detroit,total,2014-10,6.0,2.0,4.0,0.0
Detroit,total,2014-11,5.0,0.0,4.0,1.0
Detroit,total,2014-12,7.0,2.0,4.0,1.0
Detroit,total,2015-01,5.0,3.0,2.0,0.0
Detroit,total,2015-02,12.0,2.0,10.0,0.0
Detroit,total,2015-03,9.0,0.0,9.0,0.0
Detroit,total,2015-04,14.0,1.0,12.0,1.0
Detroit,total,2015-05,12.0,3.0,7.0,2.0
Detroit,total,2015-06,10.0,1.0,5.0,4.0
Detroit,total,2015-07,8.0,0.0,7.0,1.0
Detroit,total,2015-08,17.0,7.0,7.0,3.0
Detroit,total,2015-09,19.0,5.0,8.0,6.0
Detroit,total,2015-10,13.0,4.0,5.0,4.0
Detroit,total,2015-11,7.0,2.0,5.0,0.0
Detroit,total,2015-12,22.0,1.0,12.0,9.0
Detroit,total,2016-01,14.0,0.0,5.0,9.0
Detroit,total,2016-02,18.0,3.0,10.0,5.0
Detroit,total,2016-03,39.0,5.0,30.0,4.0
Detroit,total,2016-04,30.0,7.0,18.0,5.0
Detroit,total,2016-05,49.0,3.0,35.0,11.0
Detroit,total,2016-06,29.0,8.0,14.0,7.0
Detroit,total,2016-07,23.0,4.0,17.0,2.0
Detroit,total,2016-08,18.0,1.0,12.0,5.0
Detroit,total,2016-09,17.0,2.0,11.0,4.0
Detroit,total,2016-10,17.0,2.0,13.0,2.0
Detroit,total,2016-11,27.0,5.0,18.0,4.0
Detroit,total,2016-12,40.0,5.0,28.0,7.0
Detroit,total,2017-01,35.0,6.0,15.0,14.0
Detroit,total,2017-02,12.0,1.0,11.0,0.0
Detroit,total,2017-03,29.0,6.0,23.0,0.0
Detroit,total,2017-04,13.0,5.0,8.0,0.0
Detroit,total,2017-05,27.0,7.0,20.0,0.0
Detroit,total,2017-06,34.0,6.0,28.0,0.0
Detroit,total,2017-07,16.0,7.0,9.0,0.0
Detroit,total,2017-08,16.0,4.0,11.0,1.0
Detroit,total,2017-09,12.0,2.0,9.0,1.0
Detroit,total,2017-10,30.0,1.0,28.0,1.0
Detroit,total,2017-11,36.0,6.0,30.0,0.0
Detroit,total,2017-12,19.0,9.0,10.0,0.0
Detroit,total,2018-01,26.0,2.0,24.0,0.0
Detroit,total,2018-02,7.0,4.0,3.0,0.0
Detroit,total,2018-03,23.0,8.0,15.0,0.0
Detroit,total,2018-04,24.0,8.0,14.0,2.0
Detroit,total,2018-05,35.0,4.0,31.0,0.0
Detroit,total,2018-06,24.0,6.0,18.0,0.0
Detroit,total,2018-07,11.0,1.0,10.0,0.0
Detroit,total,2018-08,10.0,0.0,10.0,0.0
Detroit,total,2018-09,22.0,7.0,14.0,1.0
Detroit,total,2018-10,41.0,9.0,32.0,0.0
Detroit,total,2018-11,33.0,14.0,19.0,0.0
Detroit,total,2018-12,15.0,7.0,8.0,0.0
Detroit,total,2019-01,3.0,0.0,3.0,0.0
Detroit,total,2019-02,37.0,15.0,22.0,0.0
Detroit,total,2019-03,35.0,1.0,32.0,2.0
Detroit,total,2019-04,33.0,14.0,18.0,1.0
Detroit,total,2019-05,59.0,11.0,45.0,3.0
Detroit,total,2019-06,32.0,9.0,22.0,1.0
Detroit,total,2019-07,35.0,8.0,24.0,3.0
Detroit,total,2019-08,36.0,4.0,29.0,3.0
Detroit,total,2019-09,42.0,17.0,22.0,3.0
Detroit,total,2019-10,42.0,4.0,37.0,1.0
Detroit,total,2019-11,38.0,8.0,28.0,2.0
Detroit,total,2019-12,35.0,14.0,18.0,3.0
Detroit,total,2020-01,46.0,12.0,33.0,1.0
Detroit,total,2020-02,28.0,4.0,23.0,1.0
Detroit,total,2020-03,29.0,5.0,22.0,2.0
Detroit,total,2020-04,5.0,2.0,3.0,0.0
Detroit,total,2020-05,8.0,0.0,8.0,0.0
Detroit,total,2020-06,20.0,11.0,7.0,2.0
Detroit,total,2020-07,18.0,4.0,14.0,0.0
Detroit,total,2020-08,25.0,16.0,9.0,0.0
Detroit,total,2020-09,4.0,1.0,3.0,0.0
Detroit,total,2020-10,22.0,12.0,10.0,0.0
Detroit,total,2020-11,13.0,1.0,10.0,2.0
Detroit,total,2020-12,14.0,3.0,8.0,3.0
Detroit,total,2021-01,17.0,3.0,5.0,9.0
Detroit,total,2021-02,18.0,7.0,10.0,1.0
Detroit,total,2021-03,18.0,7.0,10.0,1.0
Detroit,total,2021-04,21.0,11.0,10.0,0.0
Detroit,total,2021-05,19.0,3.0,16.0,0.0
Detroit,total,2021-06,23.0,11.0,12.0,0.0
Detroit,total,2021-07,12.0,7.0,5.0,0.0
Detroit,total,2021-08,7.0,4.0,3.0,0.0
Detroit,total,2021-09,15.0,4.0,11.0,0.0
Detroit,total,2021-10,21.0,9.0,12.0,0.0
Detroit,total,2021-11,25.0,12.0,12.0,1.0
Detroit,total,2021-12,26.0,7.0,17.0,2.0
Detroit,total,2022-01,50.0,26.0,24.0,0.0
Detroit,total,2022-02,42.0,6.0,33.0,3.0
Detroit,total,2022-03,54.0,16.0,38.0,0.0
Detroit,total,2022-04,29.0,15.0,14.0,0.0
Detroit,total,2022-05,59.0,36.0,21.0,2.0
Detroit,total,2022-06,59.0,31.0,28.0,0.0
Detroit,total,2022-07,46.0,13.0,32.0,1.0
Detroit,total,2022-08,62.0,25.0,33.0,4.0
Detroit,total,2022-09,58.0,20.0,36.0,2.0
Detroit,total,2022-10,96.0,26.0,65.0,5.0
Detroit,total,2022-11,59.0,18.0,38.0,3.0
Detroit,total,2022-12,60.0,30.0,23.0,7.0
Detroit,total,2023-01,62.0,31.0,30.0,1.0
Detroit,total,2023-02,68.0,35.0,32.0,1.0
Detroit,total,2023-03,75.0,24.0,47.0,4.0
Detroit,total,2023-04,59.0,19.0,40.0,0.0
Detroit,total,2023-05,66.0,19.0,46.0,1.0
Detroit,total,2023-06,69.0,28.0,38.0,3.0
Detroit,total,2023-07,44.0,15.0,26.0,3.0
Detroit,total,2023-08,38.0,19.0,18.0,1.0
Detroit,total,2023-09,53.0,18.0,33.0,2.0
Detroit,total,2023-10,93.0,30.0,58.0,5.0
Detroit,total,2023-11,77.0,22.0,53.0,2.0
Detroit,total,2023-12,62.0,19.0,40.0,3.0
Detroit,total,2024-01,83.0,13.0,69.0,1.0
Detroit,total,2024-02,83.0,36.0,42.0,5.0
Detroit,total,2024-03,68.0,33.0,34.0,1.0
Detroit,total,2024-04,83.0,38.0,43.0,2.0
Detroit,total,2024-05,101.0,41.0,60.0,0.0
Detroit,total,2024-06,39.0,16.0,20.0,3.0
Detroit,total,2024-07,87.0,19.0,62.0,6.0
Detroit,total,2024-08,35.0,9.0,23.0,3.0
Detroit,total,2024-09,38.0,17.0,21.0,0.0
Detroit,total,2024-10,70.0,22.0,43.0,5.0
Detroit,total,2024-11,70.0,23.0,47.0,0.0
Detroit,total,2024-12,37.0,11.0,25.0,1.0
Detroit,total,2025-01,72.0,19.0,47.0,6.0
Detroit,total,2025-02,95.0,24.0,57.0,14.0
Detroit,total,2025-03,101.0,16.0,82.0,3.0
Detroit,total,2025-04,112.0,16.0,95.0,1.0
Detroit,total,2025-05,89.0,16.0,69.0,4.0
Detroit,total,2025-06,58.0,21.0,33.0,4.0
Detroit,total,2025-07,49.0,18.0,30.0,1.0
Detroit,total,2025-08,61.0,12.0,49.0,0.0
Detroit,total,2025-09,66.0,20.0,42.0,4.0
Detroit,total,2025-10,56.0,6.0,49.0,1.0
Detroit,total,2025-11,43.0,5.0,32.0,6.0
Detroit,total,2025-12,31.0,6.0,24.0,1.0
Detroit,total,2026-01,38.0,0.0,36.0,2.0
Detroit,total,2026-02,62.0,0.0,60.0,2.0
Detroit,total,2026-03,91.0,3.0,86.0,2.0
Detroit,total,2026-04,90.0,4.0,86.0,0.0
Detroit,total,2026-05,124.0,1.0,123.0,0.0
Detroit,english,2000-10,0.0,0.0,0.0,0.0
Detroit,english,2000-11,0.0,0.0,0.0,0.0
Detroit,english,2000-12,0.0,0.0,0.0,0.0
Detroit,english,2001-01,0.0,0.0,0.0,0.0
Detroit,english,2001-02,0.0,0.0,0.0,0.0
Detroit,english,2001-03,0.0,0.0,0.0,0.0
Detroit,english,2001-04,0.0,0.0,0.0,0.0
Detroit,english,2001-05,0.0,0.0,0.0,0.0
Detroit,english,2001-06,0.0,0.0,0.0,0.0
Detroit,english,2001-07,0.0,0.0,0.0,0.0
Detroit,english,2001-08,0.0,0.0,0.0,0.0
Detroit,english,2001-09,0.0,0.0,0.0,0.0
Detroit,english,2001-10,0.0,0.0,0.0,0.0
Detroit,english,2001-11,2.0,0.0,2.0,0.0
Detroit,english,2001-12,0.0,0.0,0.0,0.0
Detroit,english,2002-01,0.0,0.0,0.0,0.0
Detroit,english,2002-02,0.0,0.0,0.0,0.0
Detroit,english,2002-03,0.0,0.0,0.0,0.0
Detroit,english,2002-04,0.0,0.0,0.0,0.0
Detroit,english,2002-05,0.0,0.0,0.0,0.0
Detroit,english,2002-06,0.0,0.0,0.0,0.0
Detroit,english,2002-07,0.0,0.0,0.0,0.0
Detroit,english,2002-08,0.0,0.0,0.0,0.0
Detroit,english,2002-09,0.0,0.0,0.0,0.0
Detroit,english,2002-10,0.0,0.0,0.0,0.0
Detroit,english,2002-11,0.0,0.0,0.0,0.0
Detroit,english,2002-12,0.0,0.0,0.0,0.0
Detroit,english,2003-01,0.0,0.0,0.0,0.0
Detroit,english,2003-02,0.0,0.0,0.0,0.0
Detroit,english,2003-03,0.0,0.0,0.0,0.0
Detroit,english,2003-04,0.0,0.0,0.0,0.0
Detroit,english,2003-05,1.0,0.0,1.0,0.0
Detroit,english,2003-06,0.0,0.0,0.0,0.0
Detroit,english,2003-07,0.0,0.0,0.0,0.0
Detroit,english,2003-08,0.0,0.0,0.0,0.0
Detroit,english,2003-09,0.0,0.0,0.0,0.0
Detroit,english,2003-10,0.0,0.0,0.0,0.0
Detroit,english,2003-11,0.0,0.0,0.0,0.0
Detroit,english,2003-12,0.0,0.0,0.0,0.0
Detroit,english,2004-01,0.0,0.0,0.0,0.0
Detroit,english,2004-02,0.0,0.0,0.0,0.0
Detroit,english,2004-03,0.0,0.0,0.0,0.0
Detroit,english,2004-04,0.0,0.0,0.0,0.0
Detroit,english,2004-05,0.0,0.0,0.0,0.0
Detroit,english,2004-06,0.0,0.0,0.0,0.0
Detroit,english,2004-07,0.0,0.0,0.0,0.0
Detroit,english,2004-08,0.0,0.0,0.0,0.0
Detroit,english,2004-09,0.0,0.0,0.0,0.0
Detroit,english,2004-10,0.0,0.0,0.0,0.0
Detroit,english,2004-11,0.0,0.0,0.0,0.0
Detroit,english,2004-12,0.0,0.0,0.0,0.0
Detroit,english,2005-01,0.0,0.0,0.0,0.0
Detroit,english,2005-02,1.0,0.0,1.0,0.0
Detroit,english,2005-03,0.0,0.0,0.0,0.0
Detroit,english,2005-04,0.0,0.0,0.0,0.0
Detroit,english,2005-05,0.0,0.0,0.0,0.0
Detroit,english,2005-06,0.0,0.0,0.0,0.0
Detroit,english,2005-07,0.0,0.0,0.0,0.0
Detroit,english,2005-08,0.0,0.0,0.0,0.0
Detroit,english,2005-09,0.0,0.0,0.0,0.0
Detroit,english,2005-10,0.0,0.0,0.0,0.0
Detroit,english,2005-11,0.0,0.0,0.0,0.0
Detroit,english,2005-12,0.0,0.0,0.0,0.0
Detroit,english,2006-01,0.0,0.0,0.0,0.0
Detroit,english,2006-02,0.0,0.0,0.0,0.0
Detroit,english,2006-03,1.0,1.0,0.0,0.0
Detroit,english,2006-04,0.0,0.0,0.0,0.0
Detroit,english,2006-05,0.0,0.0,0.0,0.0
Detroit,english,2006-06,0.0,0.0,0.0,0.0
Detroit,english,2006-07,0.0,0.0,0.0,0.0
Detroit,english,2006-08,0.0,0.0,0.0,0.0
Detroit,english,2006-09,0.0,0.0,0.0,0.0
Detroit,english,2006-10,0.0,0.0,0.0,0.0
Detroit,english,2006-11,0.0,0.0,0.0,0.0
Detroit,english,2006-12,0.0,0.0,0.0,0.0
Detroit,english,2007-01,0.0,0.0,0.0,0.0
Detroit,english,2007-02,0.0,0.0,0.0,0.0
Detroit,english,2007-03,0.0,0.0,0.0,0.0
Detroit,english,2007-04,0.0,0.0,0.0,0.0
Detroit,english,2007-05,0.0,0.0,0.0,0.0
Detroit,english,2007-06,0.0,0.0,0.0,0.0
Detroit,english,2007-07,0.0,0.0,0.0,0.0
Detroit,english,2007-08,0.0,0.0,0.0,0.0
Detroit,english,2007-09,0.0,0.0,0.0,0.0
Detroit,english,2007-10,0.0,0.0,0.0,0.0
Detroit,english,2007-11,0.0,0.0,0.0,0.0
Detroit,english,2007-12,0.0,0.0,0.0,0.0
Detroit,english,2008-01,0.0,0.0,0.0,0.0
Detroit,english,2008-02,0.0,0.0,0.0,0.0
Detroit,english,2008-03,0.0,0.0,0.0,0.0
Detroit,english,2008-04,0.0,0.0,0.0,0.0
Detroit,english,2008-05,0.0,0.0,0.0,0.0
Detroit,english,2008-06,0.0,0.0,0.0,0.0
Detroit,english,2008-07,0.0,0.0,0.0,0.0
Detroit,english,2008-08,0.0,0.0,0.0,0.0
Detroit,english,2008-09,0.0,0.0,0.0,0.0
Detroit,english,2008-10,0.0,0.0,0.0,0.0
Detroit,english,2008-11,0.0,0.0,0.0,0.0
Detroit,english,2008-12,0.0,0.0,0.0,0.0
Detroit,english,2009-01,0.0,0.0,0.0,0.0
Detroit,english,2009-02,0.0,0.0,0.0,0.0
Detroit,english,2009-03,0.0,0.0,0.0,0.0
Detroit,english,2009-04,0.0,0.0,0.0,0.0
Detroit,english,2009-05,0.0,0.0,0.0,0.0
Detroit,english,2009-06,0.0,0.0,0.0,0.0
Detroit,english,2009-07,0.0,0.0,0.0,0.0
Detroit,english,2009-08,0.0,0.0,0.0,0.0
Detroit,english,2009-09,0.0,0.0,0.0,0.0
Detroit,english,2009-10,0.0,0.0,0.0,0.0
Detroit,english,2009-11,0.0,0.0,0.0,0.0
Detroit,english,2009-12,0.0,0.0,0.0,0.0
Detroit,english,2010-01,0.0,0.0,0.0,0.0
Detroit,english,2010-02,0.0,0.0,0.0,0.0
Detroit,english,2010-03,0.0,0.0,0.0,0.0
Detroit,english,2010-04,0.0,0.0,0.0,0.0
Detroit,english,2010-05,0.0,0.0,0.0,0.0
Detroit,english,2010-06,0.0,0.0,0.0,0.0
Detroit,english,2010-07,0.0,0.0,0.0,0.0
Detroit,english,2010-08,0.0,0.0,0.0,0.0
Detroit,english,2010-09,0.0,0.0,0.0,0.0
Detroit,english,2010-10,0.0,0.0,0.0,0.0
Detroit,english,2010-11,0.0,0.0,0.0,0.0
Detroit,english,2010-12,0.0,0.0,0.0,0.0
Detroit,english,2011-01,0.0,0.0,0.0,0.0
Detroit,english,2011-02,0.0,0.0,0.0,0.0
Detroit,english,2011-03,1.0,0.0,1.0,0.0
Detroit,english,2011-04,0.0,0.0,0.0,0.0
Detroit,english,2011-05,0.0,0.0,0.0,0.0
Detroit,english,2011-06,0.0,0.0,0.0,0.0
Detroit,english,2011-07,0.0,0.0,0.0,0.0
Detroit,english,2011-08,0.0,0.0,0.0,0.0
Detroit,english,2011-09,0.0,0.0,0.0,0.0
Detroit,english,2011-10,0.0,0.0,0.0,0.0
Detroit,english,2011-11,0.0,0.0,0.0,0.0
Detroit,english,2011-12,0.0,0.0,0.0,0.0
Detroit,english,2012-01,0.0,0.0,0.0,0.0
Detroit,english,2012-02,0.0,0.0,0.0,0.0
Detroit,english,2012-03,0.0,0.0,0.0,0.0
Detroit,english,2012-04,0.0,0.0,0.0,0.0
Detroit,english,2012-05,0.0,0.0,0.0,0.0
Detroit,english,2012-06,1.0,0.0,0.0,1.0
Detroit,english,2012-07,0.0,0.0,0.0,0.0
Detroit,english,2012-08,0.0,0.0,0.0,0.0
Detroit,english,2012-09,0.0,0.0,0.0,0.0
Detroit,english,2012-10,0.0,0.0,0.0,0.0
Detroit,english,2012-11,0.0,0.0,0.0,0.0
Detroit,english,2012-12,0.0,0.0,0.0,0.0
Detroit,english,2013-01,0.0,0.0,0.0,0.0
Detroit,english,2013-02,0.0,0.0,0.0,0.0
Detroit,english,2013-03,0.0,0.0,0.0,0.0
Detroit,english,2013-04,0.0,0.0,0.0,0.0
Detroit,english,2013-05,0.0,0.0,0.0,0.0
Detroit,english,2013-06,0.0,0.0,0.0,0.0
Detroit,english,2013-07,0.0,0.0,0.0,0.0
Detroit,english,2013-08,0.0,0.0,0.0,0.0
Detroit,english,2013-09,0.0,0.0,0.0,0.0
Detroit,english,2013-10,0.0,0.0,0.0,0.0
Detroit,english,2013-11,0.0,0.0,0.0,0.0
Detroit,english,2013-12,0.0,0.0,0.0,0.0
Detroit,english,2014-01,0.0,0.0,0.0,0.0
Detroit,english,2014-02,0.0,0.0,0.0,0.0
Detroit,english,2014-03,0.0,0.0,0.0,0.0
Detroit,english,2014-04,0.0,0.0,0.0,0.0
Detroit,english,2014-05,0.0,0.0,0.0,0.0
Detroit,english,2014-06,0.0,0.0,0.0,0.0
Detroit,english,2014-07,0.0,0.0,0.0,0.0
Detroit,english,2014-08,0.0,0.0,0.0,0.0
Detroit,english,2014-09,0.0,0.0,0.0,0.0
Detroit,english,2014-10,0.0,0.0,0.0,0.0
Detroit,english,2014-11,0.0,0.0,0.0,0.0
Detroit,english,2014-12,0.0,0.0,0.0,0.0
Detroit,english,2015-01,0.0,0.0,0.0,0.0
Detroit,english,2015-02,0.0,0.0,0.0,0.0
Detroit,english,2015-03,0.0,0.0,0.0,0.0
Detroit,english,2015-04,0.0,0.0,0.0,0.0
Detroit,english,2015-05,0.0,0.0,0.0,0.0
Detroit,english,2015-06,0.0,0.0,0.0,0.0
Detroit,english,2015-07,0.0,0.0,0.0,0.0
Detroit,english,2015-08,0.0,0.0,0.0,0.0
Detroit,english,2015-09,0.0,0.0,0.0,0.0
Detroit,english,2015-10,0.0,0.0,0.0,0.0
Detroit,english,2015-11,0.0,0.0,0.0,0.0
Detroit,english,2015-12,0.0,0.0,0.0,0.0
Detroit,english,2016-01,0.0,0.0,0.0,0.0
Detroit,english,2016-02,0.0,0.0,0.0,0.0
Detroit,english,2016-03,0.0,0.0,0.0,0.0
Detroit,english,2016-04,0.0,0.0,0.0,0.0
Detroit,english,2016-05,0.0,0.0,0.0,0.0
Detroit,english,2016-06,0.0,0.0,0.0,0.0
Detroit,english,2016-07,0.0,0.0,0.0,0.0
Detroit,english,2016-08,0.0,0.0,0.0,0.0
Detroit,english,2016-09,0.0,0.0,0.0,0.0
Detroit,english,2016-10,0.0,0.0,0.0,0.0
Detroit,english,2016-11,0.0,0.0,0.0,0.0
Detroit,english,2016-12,0.0,0.0,0.0,0.0
Detroit,english,2017-01,0.0,0.0,0.0,0.0
Detroit,english,2017-02,0.0,0.0,0.0,0.0
Detroit,english,2017-03,0.0,0.0,0.0,0.0
Detroit,english,2017-04,0.0,0.0,0.0,0.0
Detroit,english,2017-05,0.0,0.0,0.0,0.0
Detroit,english,2017-06,0.0,0.0,0.0,0.0
Detroit,english,2017-07,0.0,0.0,0.0,0.0
Detroit,english,2017-08,0.0,0.0,0.0,0.0
Detroit,english,2017-09,0.0,0.0,0.0,0.0
Detroit,english,2017-10,0.0,0.0,0.0,0.0
Detroit,english,2017-11,0.0,0.0,0.0,0.0
Detroit,english,2017-12,0.0,0.0,0.0,0.0
Detroit,english,2018-01,0.0,0.0,0.0,0.0
Detroit,english,2018-02,0.0,0.0,0.0,0.0
Detroit,english,2018-03,0.0,0.0,0.0,0.0
Detroit,english,2018-04,0.0,0.0,0.0,0.0
Detroit,english,2018-05,0.0,0.0,0.0,0.0
Detroit,english,2018-06,0.0,0.0,0.0,0.0
Detroit,english,2018-07,0.0,0.0,0.0,0.0
Detroit,english,2018-08,0.0,0.0,0.0,0.0
Detroit,english,2018-09,0.0,0.0,0.0,0.0
Detroit,english,2018-10,0.0,0.0,0.0,0.0
Detroit,english,2018-11,0.0,0.0,0.0,0.0
Detroit,english,2018-12,0.0,0.0,0.0,0.0
Detroit,english,2019-01,0.0,0.0,0.0,0.0
Detroit,english,2019-02,0.0,0.0,0.0,0.0
Detroit,english,2019-03,0.0,0.0,0.0,0.0
Detroit,english,2019-04,0.0,0.0,0.0,0.0
Detroit,english,2019-05,0.0,0.0,0.0,0.0
Detroit,english,2019-06,0.0,0.0,0.0,0.0
Detroit,english,2019-07,0.0,0.0,0.0,0.0
Detroit,english,2019-08,0.0,0.0,0.0,0.0
Detroit,english,2019-09,0.0,0.0,0.0,0.0
Detroit,english,2019-10,0.0,0.0,0.0,0.0
Detroit,english,2019-11,0.0,0.0,0.0,0.0
Detroit,english,2019-12,0.0,0.0,0.0,0.0
Detroit,english,2020-01,0.0,0.0,0.0,0.0
Detroit,english,2020-02,0.0,0.0,0.0,0.0
Detroit,english,2020-03,0.0,0.0,0.0,0.0
Detroit,english,2020-04,0.0,0.0,0.0,0.0
Detroit,english,2020-05,0.0,0.0,0.0,0.0
Detroit,english,2020-06,0.0,0.0,0.0,0.0
Detroit,english,2020-07,0.0,0.0,0.0,0.0
Detroit,english,2020-08,0.0,0.0,0.0,0.0
Detroit,english,2020-09,0.0,0.0,0.0,0.0
Detroit,english,2020-10,0.0,0.0,0.0,0.0
Detroit,english,2020-11,0.0,0.0,0.0,0.0
Detroit,english,2020-12,0.0,0.0,0.0,0.0
Detroit,english,2021-01,0.0,0.0,0.0,0.0
Detroit,english,2021-02,0.0,0.0,0.0,0.0
Detroit,english,2021-03,0.0,0.0,0.0,0.0
Detroit,english,2021-04,0.0,0.0,0.0,0.0
Detroit,english,2021-05,0.0,0.0,0.0,0.0
Detroit,english,2021-06,0.0,0.0,0.0,0.0
Detroit,english,2021-07,0.0,0.0,0.0,0.0
Detroit,english,2021-08,0.0,0.0,0.0,0.0
Detroit,english,2021-09,0.0,0.0,0.0,0.0
Detroit,english,2021-10,0.0,0.0,0.0,0.0
Detroit,english,2021-11,0.0,0.0,0.0,0.0
Detroit,english,2021-12,0.0,0.0,0.0,0.0
Detroit,english,2022-01,0.0,0.0,0.0,0.0
Detroit,english,2022-02,0.0,0.0,0.0,0.0
Detroit,english,2022-03,0.0,0.0,0.0,0.0
Detroit,english,2022-04,0.0,0.0,0.0,0.0
Detroit,english,2022-05,0.0,0.0,0.0,0.0
Detroit,english,2022-06,0.0,0.0,0.0,0.0
Detroit,english,2022-07,0.0,0.0,0.0,0.0
Detroit,english,2022-08,0.0,0.0,0.0,0.0
Detroit,english,2022-09,0.0,0.0,0.0,0.0
Detroit,english,2022-10,0.0,0.0,0.0,0.0
Detroit,english,2022-11,0.0,0.0,0.0,0.0
Detroit,english,2022-12,0.0,0.0,0.0,0.0
Detroit,english,2023-01,0.0,0.0,0.0,0.0
Detroit,english,2023-02,0.0,0.0,0.0,0.0
Detroit,english,2023-03,0.0,0.0,0.0,0.0
Detroit,english,2023-04,0.0,0.0,0.0,0.0
Detroit,english,2023-05,0.0,0.0,0.0,0.0
Detroit,english,2023-06,0.0,0.0,0.0,0.0
Detroit,english,2023-07,0.0,0.0,0.0,0.0
Detroit,english,2023-08,0.0,0.0,0.0,0.0
Detroit,english,2023-09,0.0,0.0,0.0,0.0
Detroit,english,2023-10,0.0,0.0,0.0,0.0
Detroit,english,2023-11,0.0,0.0,0.0,0.0
Detroit,english,2023-12,0.0,0.0,0.0,0.0
Detroit,english,2024-01,0.0,0.0,0.0,0.0
Detroit,english,2024-02,0.0,0.0,0.0,0.0
Detroit,english,2024-03,0.0,0.0,0.0,0.0
Detroit,english,2024-04,0.0,0.0,0.0,0.0
Detroit,english,2024-05,0.0,0.0,0.0,0.0
Detroit,english,2024-06,0.0,0.0,0.0,0.0
Detroit,english,2024-07,0.0,0.0,0.0,0.0
Detroit,english,2024-08,0.0,0.0,0.0,0.0
Detroit,english,2024-09,0.0,0.0,0.0,0.0
Detroit,english,2024-10,0.0,0.0,0.0,0.0
Detroit,english,2024-11,0.0,0.0,0.0,0.0
Detroit,english,2024-12,0.0,0.0,0.0,0.0
Detroit,english,2025-01,0.0,0.0,0.0,0.0
Detroit,english,2025-02,0.0,0.0,0.0,0.0
Detroit,english,2025-03,0.0,0.0,0.0,0.0
Detroit,english,2025-04,0.0,0.0,0.0,0.0
Detroit,english,2025-05,0.0,0.0,0.0,0.0
Detroit,english,2025-06,0.0,0.0,0.0,0.0
Detroit,english,2025-07,0.0,0.0,0.0,0.0
Detroit,english,2025-08,0.0,0.0,0.0,0.0
Detroit,english,2025-09,0.0,0.0,0.0,0.0
Detroit,english,2025-10,0.0,0.0,0.0,0.0
Detroit,english,2025-11,0.0,0.0,0.0,0.0
Detroit,english,2025-12,0.0,0.0,0.0,0.0
Detroit,english,2026-01,0.0,0.0,0.0,0.0
Detroit,english,2026-02,0.0,0.0,0.0,0.0
Detroit,english,2026-03,0.0,0.0,0.0,0.0
Detroit,english,2026-04,0.0,0.0,0.0,0.0
Detroit,english,2026-05,0.0,0.0,0.0,0.0
Detroit,non_english,2000-10,44.0,18.0,26.0,0.0
Detroit,non_english,2000-11,72.0,14.0,58.0,0.0
Detroit,non_english,2000-12,49.0,17.0,32.0,0.0
Detroit,non_english,2001-01,25.0,2.0,23.0,0.0
Detroit,non_english,2001-02,52.0,21.0,31.0,0.0
Detroit,non_english,2001-03,60.0,12.0,48.0,0.0
Detroit,non_english,2001-04,55.0,14.0,41.0,0.0
Detroit,non_english,2001-05,54.0,10.0,43.0,1.0
Detroit,non_english,2001-06,42.0,16.0,26.0,0.0
Detroit,non_english,2001-07,43.0,18.0,21.0,4.0
Detroit,non_english,2001-08,60.0,18.0,40.0,2.0
Detroit,non_english,2001-09,48.0,15.0,32.0,1.0
Detroit,non_english,2001-10,72.0,17.0,48.0,7.0
Detroit,non_english,2001-11,54.0,19.0,35.0,0.0
Detroit,non_english,2001-12,61.0,21.0,40.0,0.0
Detroit,non_english,2002-01,72.0,24.0,48.0,0.0
Detroit,non_english,2002-02,57.0,16.0,41.0,0.0
Detroit,non_english,2002-03,62.0,22.0,40.0,0.0
Detroit,non_english,2002-04,62.0,18.0,44.0,0.0
Detroit,non_english,2002-05,90.0,14.0,76.0,0.0
Detroit,non_english,2002-06,53.0,12.0,41.0,0.0
Detroit,non_english,2002-07,76.0,22.0,52.0,2.0
Detroit,non_english,2002-08,68.0,21.0,47.0,0.0
Detroit,non_english,2002-09,69.0,5.0,60.0,4.0
Detroit,non_english,2002-10,82.0,21.0,60.0,1.0
Detroit,non_english,2002-11,36.0,9.0,25.0,2.0
Detroit,non_english,2002-12,62.0,22.0,40.0,0.0
Detroit,non_english,2003-01,52.0,15.0,36.0,1.0
Detroit,non_english,2003-02,51.0,19.0,31.0,1.0
Detroit,non_english,2003-03,71.0,26.0,45.0,0.0
Detroit,non_english,2003-04,51.0,8.0,43.0,0.0
Detroit,non_english,2003-05,64.0,22.0,42.0,0.0
Detroit,non_english,2003-06,51.0,17.0,34.0,0.0
Detroit,non_english,2003-07,55.0,18.0,37.0,0.0
Detroit,non_english,2003-08,51.0,9.0,41.0,1.0
Detroit,non_english,2003-09,58.0,27.0,29.0,2.0
Detroit,non_english,2003-10,42.0,7.0,35.0,0.0
Detroit,non_english,2003-11,63.0,12.0,50.0,1.0
Detroit,non_english,2003-12,48.0,16.0,32.0,0.0
Detroit,non_english,2004-01,49.0,6.0,41.0,2.0
Detroit,non_english,2004-02,61.0,14.0,46.0,1.0
Detroit,non_english,2004-03,66.0,20.0,46.0,0.0
Detroit,non_english,2004-04,97.0,35.0,60.0,2.0
Detroit,non_english,2004-05,40.0,13.0,27.0,0.0
Detroit,non_english,2004-06,29.0,11.0,18.0,0.0
Detroit,non_english,2004-07,55.0,17.0,38.0,0.0
Detroit,non_english,2004-08,46.0,4.0,42.0,0.0
Detroit,non_english,2004-09,33.0,8.0,24.0,1.0
Detroit,non_english,2004-10,55.0,11.0,44.0,0.0
Detroit,non_english,2004-11,66.0,12.0,54.0,0.0
Detroit,non_english,2004-12,35.0,21.0,14.0,0.0
Detroit,non_english,2005-01,30.0,4.0,26.0,0.0
Detroit,non_english,2005-02,61.0,17.0,43.0,1.0
Detroit,non_english,2005-03,25.0,1.0,24.0,0.0
Detroit,non_english,2005-04,42.0,9.0,33.0,0.0
Detroit,non_english,2005-05,55.0,5.0,50.0,0.0
Detroit,non_english,2005-06,76.0,3.0,73.0,0.0
Detroit,non_english,2005-07,20.0,0.0,20.0,0.0
Detroit,non_english,2005-08,11.0,1.0,10.0,0.0
Detroit,non_english,2005-09,22.0,4.0,18.0,0.0
Detroit,non_english,2005-10,56.0,3.0,52.0,1.0
Detroit,non_english,2005-11,36.0,6.0,30.0,0.0
Detroit,non_english,2005-12,49.0,7.0,42.0,0.0
Detroit,non_english,2006-01,33.0,13.0,20.0,0.0
Detroit,non_english,2006-02,34.0,6.0,28.0,0.0
Detroit,non_english,2006-03,56.0,12.0,43.0,1.0
Detroit,non_english,2006-04,56.0,7.0,49.0,0.0
Detroit,non_english,2006-05,31.0,4.0,27.0,0.0
Detroit,non_english,2006-06,47.0,11.0,33.0,3.0
Detroit,non_english,2006-07,62.0,26.0,32.0,4.0
Detroit,non_english,2006-08,23.0,5.0,18.0,0.0
Detroit,non_english,2006-09,28.0,9.0,18.0,1.0
Detroit,non_english,2006-10,29.0,8.0,21.0,0.0
Detroit,non_english,2006-11,37.0,6.0,31.0,0.0
Detroit,non_english,2006-12,34.0,8.0,26.0,0.0
Detroit,non_english,2007-01,23.0,7.0,16.0,0.0
Detroit,non_english,2007-02,24.0,4.0,20.0,0.0
Detroit,non_english,2007-03,16.0,4.0,12.0,0.0
Detroit,non_english,2007-04,27.0,5.0,22.0,0.0
Detroit,non_english,2007-05,21.0,9.0,12.0,0.0
Detroit,non_english,2007-06,35.0,16.0,19.0,0.0
Detroit,non_english,2007-07,34.0,7.0,27.0,0.0
Detroit,non_english,2007-08,27.0,11.0,16.0,0.0
Detroit,non_english,2007-09,25.0,11.0,13.0,1.0
Detroit,non_english,2007-10,41.0,31.0,10.0,0.0
Detroit,non_english,2007-11,33.0,13.0,19.0,1.0
Detroit,non_english,2007-12,26.0,7.0,19.0,0.0
Detroit,non_english,2008-01,13.0,3.0,10.0,0.0
Detroit,non_english,2008-02,28.0,10.0,17.0,1.0
Detroit,non_english,2008-03,39.0,9.0,30.0,0.0
Detroit,non_english,2008-04,31.0,11.0,20.0,0.0
Detroit,non_english,2008-05,22.0,6.0,15.0,1.0
Detroit,non_english,2008-06,33.0,19.0,14.0,0.0
Detroit,non_english,2008-07,28.0,11.0,17.0,0.0
Detroit,non_english,2008-08,22.0,15.0,7.0,0.0
Detroit,non_english,2008-09,43.0,21.0,18.0,4.0
Detroit,non_english,2008-10,35.0,22.0,12.0,1.0
Detroit,non_english,2008-11,24.0,12.0,12.0,0.0
Detroit,non_english,2008-12,20.0,10.0,9.0,1.0
Detroit,non_english,2009-01,23.0,7.0,12.0,4.0
Detroit,non_english,2009-02,37.0,15.0,15.0,7.0
Detroit,non_english,2009-03,26.0,12.0,14.0,0.0
Detroit,non_english,2009-04,32.0,20.0,12.0,0.0
Detroit,non_english,2009-05,19.0,5.0,14.0,0.0
Detroit,non_english,2009-06,23.0,6.0,16.0,1.0
Detroit,non_english,2009-07,33.0,16.0,16.0,1.0
Detroit,non_english,2009-08,19.0,8.0,9.0,2.0
Detroit,non_english,2009-09,28.0,11.0,15.0,2.0
Detroit,non_english,2009-10,12.0,5.0,7.0,0.0
Detroit,non_english,2009-11,18.0,4.0,14.0,0.0
Detroit,non_english,2009-12,14.0,4.0,8.0,2.0
Detroit,non_english,2010-01,9.0,4.0,5.0,0.0
Detroit,non_english,2010-02,13.0,5.0,8.0,0.0
Detroit,non_english,2010-03,16.0,4.0,11.0,1.0
Detroit,non_english,2010-04,9.0,3.0,6.0,0.0
Detroit,non_english,2010-05,23.0,9.0,12.0,2.0
Detroit,non_english,2010-06,22.0,14.0,8.0,0.0
Detroit,non_english,2010-07,25.0,2.0,21.0,2.0
Detroit,non_english,2010-08,11.0,4.0,7.0,0.0
Detroit,non_english,2010-09,25.0,14.0,10.0,1.0
Detroit,non_english,2010-10,14.0,7.0,6.0,1.0
Detroit,non_english,2010-11,6.0,2.0,4.0,0.0
Detroit,non_english,2010-12,8.0,0.0,8.0,0.0
Detroit,non_english,2011-01,15.0,6.0,9.0,0.0
Detroit,non_english,2011-02,23.0,9.0,14.0,0.0
Detroit,non_english,2011-03,15.0,4.0,11.0,0.0
Detroit,non_english,2011-04,18.0,2.0,16.0,0.0
Detroit,non_english,2011-05,16.0,2.0,13.0,1.0
Detroit,non_english,2011-06,22.0,14.0,8.0,0.0
Detroit,non_english,2011-07,22.0,6.0,16.0,0.0
Detroit,non_english,2011-08,22.0,6.0,15.0,1.0
Detroit,non_english,2011-09,14.0,2.0,12.0,0.0
Detroit,non_english,2011-10,19.0,9.0,8.0,2.0
Detroit,non_english,2011-11,11.0,1.0,7.0,3.0
Detroit,non_english,2011-12,30.0,8.0,19.0,3.0
Detroit,non_english,2012-01,16.0,2.0,13.0,1.0
Detroit,non_english,2012-02,19.0,10.0,9.0,0.0
Detroit,non_english,2012-03,21.0,5.0,15.0,1.0
Detroit,non_english,2012-04,13.0,2.0,10.0,1.0
Detroit,non_english,2012-05,20.0,1.0,17.0,2.0
Detroit,non_english,2012-06,20.0,7.0,11.0,2.0
Detroit,non_english,2012-07,17.0,7.0,9.0,1.0
Detroit,non_english,2012-08,24.0,10.0,12.0,2.0
Detroit,non_english,2012-09,15.0,4.0,10.0,1.0
Detroit,non_english,2012-10,19.0,6.0,11.0,2.0
Detroit,non_english,2012-11,10.0,2.0,8.0,0.0
Detroit,non_english,2012-12,17.0,6.0,11.0,0.0
Detroit,non_english,2013-01,11.0,1.0,8.0,2.0
Detroit,non_english,2013-02,15.0,5.0,10.0,0.0
Detroit,non_english,2013-03,9.0,2.0,7.0,0.0
Detroit,non_english,2013-04,25.0,3.0,22.0,0.0
Detroit,non_english,2013-05,32.0,8.0,22.0,2.0
Detroit,non_english,2013-06,10.0,2.0,8.0,0.0
Detroit,non_english,2013-07,18.0,5.0,12.0,1.0
Detroit,non_english,2013-08,23.0,7.0,14.0,2.0
Detroit,non_english,2013-09,12.0,5.0,7.0,0.0
Detroit,non_english,2013-10,8.0,1.0,5.0,2.0
Detroit,non_english,2013-11,14.0,3.0,11.0,0.0
Detroit,non_english,2013-12,14.0,1.0,13.0,0.0
Detroit,non_english,2014-01,22.0,9.0,10.0,3.0
Detroit,non_english,2014-02,16.0,1.0,15.0,0.0
Detroit,non_english,2014-03,22.0,1.0,19.0,2.0
Detroit,non_english,2014-04,20.0,5.0,12.0,3.0
Detroit,non_english,2014-05,33.0,1.0,31.0,1.0
Detroit,non_english,2014-06,17.0,2.0,15.0,0.0
Detroit,non_english,2014-07,12.0,1.0,11.0,0.0
Detroit,non_english,2014-08,8.0,4.0,3.0,1.0
Detroit,non_english,2014-09,16.0,1.0,14.0,1.0
Detroit,non_english,2014-10,6.0,2.0,4.0,0.0
Detroit,non_english,2014-11,5.0,0.0,4.0,1.0
Detroit,non_english,2014-12,7.0,2.0,4.0,1.0
Detroit,non_english,2015-01,5.0,3.0,2.0,0.0
Detroit,non_english,2015-02,12.0,2.0,10.0,0.0
Detroit,non_english,2015-03,9.0,0.0,9.0,0.0
Detroit,non_english,2015-04,14.0,1.0,12.0,1.0
Detroit,non_english,2015-05,12.0,3.0,7.0,2.0
Detroit,non_english,2015-06,10.0,1.0,5.0,4.0
Detroit,non_english,2015-07,8.0,0.0,7.0,1.0
Detroit,non_english,2015-08,17.0,7.0,7.0,3.0
Detroit,non_english,2015-09,19.0,5.0,8.0,6.0
Detroit,non_english,2015-10,13.0,4.0,5.0,4.0
Detroit,non_english,2015-11,7.0,2.0,5.0,0.0
Detroit,non_english,2015-12,22.0,1.0,12.0,9.0
Detroit,non_english,2016-01,14.0,0.0,5.0,9.0
Detroit,non_english,2016-02,18.0,3.0,10.0,5.0
Detroit,non_english,2016-03,39.0,5.0,30.0,4.0
Detroit,non_english,2016-04,30.0,7.0,18.0,5.0
Detroit,non_english,2016-05,49.0,3.0,35.0,11.0
Detroit,non_english,2016-06,29.0,8.0,14.0,7.0
Detroit,non_english,2016-07,23.0,4.0,17.0,2.0
Detroit,non_english,2016-08,18.0,1.0,12.0,5.0
Detroit,non_english,2016-09,17.0,2.0,11.0,4.0
Detroit,non_english,2016-10,17.0,2.0,13.0,2.0
Detroit,non_english,2016-11,27.0,5.0,18.0,4.0
Detroit,non_english,2016-12,40.0,5.0,28.0,7.0
Detroit,non_english,2017-01,35.0,6.0,15.0,14.0
Detroit,non_english,2017-02,12.0,1.0,11.0,0.0
Detroit,non_english,2017-03,29.0,6.0,23.0,0.0
Detroit,non_english,2017-04,13.0,5.0,8.0,0.0
Detroit,non_english,2017-05,27.0,7.0,20.0,0.0
Detroit,non_english,2017-06,34.0,6.0,28.0,0.0
Detroit,non_english,2017-07,16.0,7.0,9.0,0.0
Detroit,non_english,2017-08,16.0,4.0,11.0,1.0
Detroit,non_english,2017-09,12.0,2.0,9.0,1.0
Detroit,non_english,2017-10,30.0,1.0,28.0,1.0
Detroit,non_english,2017-11,36.0,6.0,30.0,0.0
Detroit,non_english,2017-12,19.0,9.0,10.0,0.0
Detroit,non_english,2018-01,26.0,2.0,24.0,0.0
Detroit,non_english,2018-02,7.0,4.0,3.0,0.0
Detroit,non_english,2018-03,23.0,8.0,15.0,0.0
Detroit,non_english,2018-04,24.0,8.0,14.0,2.0
Detroit,non_english,2018-05,35.0,4.0,31.0,0.0
Detroit,non_english,2018-06,24.0,6.0,18.0,0.0
Detroit,non_english,2018-07,11.0,1.0,10.0,0.0
Detroit,non_english,2018-08,10.0,0.0,10.0,0.0
Detroit,non_english,2018-09,22.0,7.0,14.0,1.0
Detroit,non_english,2018-10,41.0,9.0,32.0,0.0
Detroit,non_english,2018-11,33.0,14.0,19.0,0.0
Detroit,non_english,2018-12,15.0,7.0,8.0,0.0
Detroit,non_english,2019-01,3.0,0.0,3.0,0.0
Detroit,non_english,2019-02,37.0,15.0,22.0,0.0
Detroit,non_english,2019-03,35.0,1.0,32.0,2.0
Detroit,non_english,2019-04,33.0,14.0,18.0,1.0
Detroit,non_english,2019-05,59.0,11.0,45.0,3.0
Detroit,non_english,2019-06,32.0,9.0,22.0,1.0
Detroit,non_english,2019-07,35.0,8.0,24.0,3.0
Detroit,non_english,2019-08,36.0,4.0,29.0,3.0
Detroit,non_english,2019-09,42.0,17.0,22.0,3.0
Detroit,non_english,2019-10,42.0,4.0,37.0,1.0
Detroit,non_english,2019-11,38.0,8.0,28.0,2.0
Detroit,non_english,2019-12,35.0,14.0,18.0,3.0
Detroit,non_english,2020-01,46.0,12.0,33.0,1.0
Detroit,non_english,2020-02,28.0,4.0,23.0,1.0
Detroit,non_english,2020-03,29.0,5.0,22.0,2.0
Detroit,non_english,2020-04,5.0,2.0,3.0,0.0
Detroit,non_english,2020-05,8.0,0.0,8.0,0.0
Detroit,non_english,2020-06,20.0,11.0,7.0,2.0
Detroit,non_english,2020-07,18.0,4.0,14.0,0.0
Detroit,non_english,2020-08,25.0,16.0,9.0,0.0
Detroit,non_english,2020-09,4.0,1.0,3.0,0.0
Detroit,non_english,2020-10,22.0,12.0,10.0,0.0
Detroit,non_english,2020-11,13.0,1.0,10.0,2.0
Detroit,non_english,2020-12,14.0,3.0,8.0,3.0
Detroit,non_english,2021-01,17.0,3.0,5.0,9.0
Detroit,non_english,2021-02,18.0,7.0,10.0,1.0
Detroit,non_english,2021-03,18.0,7.0,10.0,1.0
Detroit,non_english,2021-04,21.0,11.0,10.0,0.0
Detroit,non_english,2021-05,19.0,3.0,16.0,0.0
Detroit,non_english,2021-06,23.0,11.0,12.0,0.0
Detroit,non_english,2021-07,12.0,7.0,5.0,0.0
Detroit,non_english,2021-08,7.0,4.0,3.0,0.0
Detroit,non_english,2021-09,15.0,4.0,11.0,0.0
Detroit,non_english,2021-10,21.0,9.0,12.0,0.0
Detroit,non_english,2021-11,25.0,12.0,12.0,1.0
Detroit,non_english,2021-12,26.0,7.0,17.0,2.0
Detroit,non_english,2022-01,50.0,26.0,24.0,0.0
Detroit,non_english,2022-02,42.0,6.0,33.0,3.0
Detroit,non_english,2022-03,54.0,16.0,38.0,0.0
Detroit,non_english,2022-04,29.0,15.0,14.0,0.0
Detroit,non_english,2022-05,59.0,36.0,21.0,2.0
Detroit,non_english,2022-06,59.0,31.0,28.0,0.0
Detroit,non_english,2022-07,46.0,13.0,32.0,1.0
Detroit,non_english,2022-08,62.0,25.0,33.0,4.0
Detroit,non_english,2022-09,58.0,20.0,36.0,2.0
Detroit,non_english,2022-10,96.0,26.0,65.0,5.0
Detroit,non_english,2022-11,59.0,18.0,38.0,3.0
Detroit,non_english,2022-12,60.0,30.0,23.0,7.0
Detroit,non_english,2023-01,62.0,31.0,30.0,1.0
Detroit,non_english,2023-02,68.0,35.0,32.0,1.0
Detroit,non_english,2023-03,75.0,24.0,47.0,4.0
Detroit,non_english,2023-04,59.0,19.0,40.0,0.0
Detroit,non_english,2023-05,66.0,19.0,46.0,1.0
Detroit,non_english,2023-06,69.0,28.0,38.0,3.0
Detroit,non_english,2023-07,44.0,15.0,26.0,3.0
Detroit,non_english,2023-08,38.0,19.0,18.0,1.0
Detroit,non_english,2023-09,53.0,18.0,33.0,2.0
Detroit,non_english,2023-10,93.0,30.0,58.0,5.0
Detroit,non_english,2023-11,77.0,22.0,53.0,2.0
Detroit,non_english,2023-12,62.0,19.0,40.0,3.0
Detroit,non_english,2024-01,83.0,13.0,69.0,1.0
Detroit,non_english,2024-02,83.0,36.0,42.0,5.0
Detroit,non_english,2024-03,68.0,33.0,34.0,1.0
Detroit,non_english,2024-04,83.0,38.0,43.0,2.0
Detroit,non_english,2024-05,101.0,41.0,60.0,0.0
Detroit,non_english,2024-06,39.0,16.0,20.0,3.0
Detroit,non_english,2024-07,87.0,19.0,62.0,6.0
Detroit,non_english,2024-08,35.0,9.0,23.0,3.0
Detroit,non_english,2024-09,38.0,17.0,21.0,0.0
Detroit,non_english,2024-10,70.0,22.0,43.0,5.0
Detroit,non_english,2024-11,70.0,23.0,47.0,0.0
Detroit,non_english,2024-12,37.0,11.0,25.0,1.0
Detroit,non_english,2025-01,72.0,19.0,47.0,6.0
Detroit,non_english,2025-02,95.0,24.0,57.0,14.0
Detroit,non_english,2025-03,101.0,16.0,82.0,3.0
Detroit,non_english,2025-04,112.0,16.0,95.0,1.0
Detroit,non_english,2025-05,89.0,16.0,69.0,4.0
Detroit,non_english,2025-06,58.0,21.0,33.0,4.0
Detroit,non_english,2025-07,49.0,18.0,30.0,1.0
Detroit,non_english,2025-08,61.0,12.0,49.0,0.0
Detroit,non_english,2025-09,66.0,20.0,42.0,4.0
Detroit,non_english,2025-10,56.0,6.0,49.0,1.0
Detroit,non_english,2025-11,43.0,5.0,32.0,6.0
Detroit,non_english,2025-12,31.0,6.0,24.0,1.0
Detroit,non_english,2026-01,38.0,0.0,36.0,2.0
Detroit,non_english,2026-02,62.0,0.0,60.0,2.0
Detroit,non_english,2026-03,91.0,3.0,86.0,2.0
Detroit,non_english,2026-04,90.0,4.0,86.0,0.0
Detroit,non_english,2026-05,124.0,1.0,123.0,0.0
United States,total,2000-10,2172.0,875.0,1259.0,38.0
United States,total,2000-11,2042.0,863.0,1148.0,31.0
United States,total,2000-12,1728.0,706.0,992.0,30.0
United States,total,2001-01,2101.0,793.0,1273.0,35.0
United States,total,2001-02,2022.0,736.0,1257.0,29.0
United States,total,2001-03,2273.0,916.0,1321.0,36.0
United States,total,2001-04,2180.0,872.0,1278.0,30.0
United States,total,2001-05,2532.0,1023.0,1462.0,47.0
United States,total,2001-06,1850.0,757.0,1062.0,31.0
United States,total,2001-07,2124.0,921.0,1172.0,31.0
United States,total,2001-08,2480.0,995.0,1460.0,25.0
United States,total,2001-09,1535.0,550.0,949.0,36.0
United States,total,2001-10,2319.0,870.0,1404.0,45.0
United States,total,2001-11,2157.0,863.0,1274.0,20.0
United States,total,2001-12,1826.0,700.0,1101.0,25.0
United States,total,2002-01,2358.0,879.0,1443.0,36.0
United States,total,2002-02,2404.0,925.0,1447.0,32.0
United States,total,2002-03,2471.0,921.0,1514.0,36.0
United States,total,2002-04,2637.0,997.0,1604.0,36.0
United States,total,2002-05,2990.0,1140.0,1808.0,42.0
United States,total,2002-06,2030.0,787.0,1222.0,21.0
United States,total,2002-07,2815.0,1016.0,1759.0,40.0
United States,total,2002-08,2670.0,958.0,1670.0,42.0
United States,total,2002-09,2682.0,923.0,1723.0,36.0
United States,total,2002-10,3058.0,1126.0,1878.0,54.0
United States,total,2002-11,2490.0,966.0,1488.0,36.0
United States,total,2002-12,2258.0,892.0,1339.0,27.0
United States,total,2003-01,3001.0,1117.0,1853.0,31.0
United States,total,2003-02,2738.0,1009.0,1685.0,44.0
United States,total,2003-03,3063.0,1094.0,1919.0,50.0
United States,total,2003-04,3451.0,1304.0,2100.0,47.0
United States,total,2003-05,3190.0,1180.0,1982.0,28.0
United States,total,2003-06,3111.0,1143.0,1925.0,43.0
United States,total,2003-07,3208.0,1196.0,1961.0,51.0
United States,total,2003-08,2988.0,1101.0,1826.0,61.0
United States,total,2003-09,3226.0,1251.0,1911.0,64.0
United States,total,2003-10,3354.0,1248.0,2065.0,41.0
United States,total,2003-11,2438.0,950.0,1441.0,47.0
United States,total,2003-12,2755.0,1075.0,1646.0,34.0
United States,total,2004-01,2788.0,1045.0,1692.0,51.0
United States,total,2004-02,2783.0,1076.0,1663.0,44.0
United States,total,2004-03,3329.0,1274.0,1992.0,63.0
United States,total,2004-04,3006.0,1136.0,1816.0,54.0
United States,total,2004-05,2910.0,1119.0,1733.0,58.0
United States,total,2004-06,2415.0,910.0,1463.0,42.0
United States,total,2004-07,2644.0,1072.0,1513.0,59.0
United States,total,2004-08,2797.0,1071.0,1676.0,50.0
United States,total,2004-09,2685.0,1049.0,1560.0,76.0
United States,total,2004-10,2690.0,1139.0,1510.0,41.0
United States,total,2004-11,2595.0,998.0,1557.0,40.0
United States,total,2004-12,2517.0,1092.0,1384.0,41.0
United States,total,2005-01,2778.0,991.0,1728.0,59.0
United States,total,2005-02,2629.0,980.0,1612.0,37.0
United States,total,2005-03,3109.0,1223.0,1840.0,46.0
United States,total,2005-04,2449.0,778.0,1623.0,48.0
United States,total,2005-05,2446.0,874.0,1534.0,38.0
United States,total,2005-06,2724.0,1027.0,1652.0,45.0
United States,total,2005-07,2078.0,792.0,1263.0,23.0
United States,total,2005-08,2201.0,783.0,1371.0,47.0
United States,total,2005-09,2531.0,1034.0,1463.0,34.0
United States,total,2005-10,2294.0,1037.0,1228.0,29.0
United States,total,2005-11,2556.0,1116.0,1390.0,50.0
United States,total,2005-12,2233.0,993.0,1206.0,34.0
United States,total,2006-01,2428.0,1018.0,1370.0,40.0
United States,total,2006-02,2458.0,1107.0,1314.0,37.0
United States,total,2006-03,2938.0,1334.0,1552.0,52.0
United States,total,2006-04,2549.0,1103.0,1397.0,49.0
United States,total,2006-05,2803.0,1296.0,1456.0,51.0
United States,total,2006-06,2896.0,1269.0,1570.0,57.0
United States,total,2006-07,2343.0,1059.0,1241.0,43.0
United States,total,2006-08,1996.0,935.0,1024.0,37.0
United States,total,2006-09,2294.0,1036.0,1211.0,47.0
United States,total,2006-10,2484.0,1167.0,1270.0,47.0
United States,total,2006-11,2402.0,1163.0,1202.0,37.0
United States,total,2006-12,2173.0,1102.0,1033.0,38.0
United States,total,2007-01,2404.0,1087.0,1277.0,40.0
United States,total,2007-02,2253.0,1021.0,1184.0,48.0
United States,total,2007-03,2786.0,1288.0,1453.0,45.0
United States,total,2007-04,2455.0,1165.0,1260.0,30.0
United States,total,2007-05,2628.0,1229.0,1353.0,46.0
United States,total,2007-06,2447.0,1096.0,1304.0,47.0
United States,total,2007-07,2179.0,982.0,1150.0,47.0
United States,total,2007-08,1650.0,703.0,919.0,28.0
United States,total,2007-09,1879.0,853.0,992.0,34.0
United States,total,2007-10,2246.0,999.0,1205.0,42.0
United States,total,2007-11,2002.0,933.0,1033.0,36.0
United States,total,2007-12,1588.0,750.0,810.0,28.0
United States,total,2008-01,2141.0,941.0,1161.0,39.0
United States,total,2008-02,1878.0,798.0,1047.0,33.0
United States,total,2008-03,2159.0,874.0,1235.0,50.0
United States,total,2008-04,2006.0,829.0,1123.0,54.0
United States,total,2008-05,2046.0,978.0,1035.0,33.0
United States,total,2008-06,2079.0,1017.0,1025.0,37.0
United States,total,2008-07,2182.0,1020.0,1121.0,41.0
United States,total,2008-08,1712.0,787.0,888.0,37.0
United States,total,2008-09,2032.0,959.0,1034.0,39.0
United States,total,2008-10,2033.0,973.0,1028.0,32.0
United States,total,2008-11,1627.0,780.0,786.0,61.0
United States,total,2008-12,1634.0,825.0,756.0,53.0
United States,total,2009-01,1700.0,762.0,873.0,65.0
United States,total,2009-02,1681.0,798.0,840.0,43.0
United States,total,2009-03,2042.0,952.0,1027.0,63.0
United States,total,2009-04,2156.0,1027.0,1081.0,48.0
United States,total,2009-05,1832.0,863.0,908.0,61.0
United States,total,2009-06,1974.0,977.0,952.0,45.0
United States,total,2009-07,1844.0,860.0,929.0,55.0
United States,total,2009-08,1286.0,592.0,655.0,39.0
United States,total,2009-09,1794.0,857.0,884.0,53.0
United States,total,2009-10,1752.0,837.0,880.0,35.0
United States,total,2009-11,1579.0,717.0,819.0,43.0
United States,total,2009-12,1597.0,853.0,707.0,37.0
United States,total,2010-01,1517.0,808.0,674.0,35.0
United States,total,2010-02,1359.0,670.0,639.0,50.0
United States,total,2010-03,1922.0,935.0,933.0,54.0
United States,total,2010-04,1801.0,917.0,828.0,56.0
United States,total,2010-05,1679.0,857.0,770.0,52.0
United States,total,2010-06,1708.0,825.0,829.0,54.0
United States,total,2010-07,1243.0,634.0,575.0,34.0
United States,total,2010-08,1637.0,895.0,700.0,42.0
United States,total,2010-09,1667.0,928.0,697.0,42.0
United States,total,2010-10,1616.0,884.0,685.0,47.0
United States,total,2010-11,1523.0,811.0,673.0,39.0
United States,total,2010-12,1546.0,763.0,727.0,56.0
United States,total,2011-01,1712.0,892.0,765.0,55.0
United States,total,2011-02,1710.0,897.0,761.0,52.0
United States,total,2011-03,2279.0,1177.0,1040.0,62.0
United States,total,2011-04,1964.0,964.0,940.0,60.0
United States,total,2011-05,2149.0,1096.0,994.0,59.0
United States,total,2011-06,2121.0,1156.0,922.0,43.0
United States,total,2011-07,1365.0,688.0,649.0,28.0
United States,total,2011-08,2152.0,1086.0,1013.0,53.0
United States,total,2011-09,1929.0,1081.0,791.0,57.0
United States,total,2011-10,1911.0,1065.0,772.0,74.0
United States,total,2011-11,1829.0,1009.0,773.0,47.0
United States,total,2011-12,1647.0,960.0,633.0,54.0
United States,total,2012-01,1836.0,1001.0,787.0,48.0
United States,total,2012-02,1778.0,1020.0,717.0,41.0
United States,total,2012-03,1929.0,1108.0,780.0,41.0
United States,total,2012-04,1904.0,1085.0,777.0,42.0
United States,total,2012-05,1800.0,923.0,849.0,28.0
United States,total,2012-06,1882.0,1056.0,785.0,41.0
United States,total,2012-07,1405.0,768.0,605.0,32.0
United States,total,2012-08,1962.0,1117.0,803.0,42.0
United States,total,2012-09,1662.0,853.0,768.0,41.0
United States,total,2012-10,1713.0,853.0,807.0,53.0
United States,total,2012-11,1444.0,729.0,680.0,35.0
United States,total,2012-12,1534.0,888.0,613.0,33.0
United States,total,2013-01,1707.0,899.0,771.0,37.0
United States,total,2013-02,1556.0,807.0,722.0,27.0
United States,total,2013-03,1745.0,923.0,791.0,31.0
United States,total,2013-04,1995.0,1061.0,886.0,48.0
United States,total,2013-05,1983.0,1005.0,937.0,41.0
United States,total,2013-06,1882.0,1058.0,791.0,33.0
United States,total,2013-07,1600.0,824.0,735.0,41.0
United States,total,2013-08,1931.0,994.0,900.0,37.0
United States,total,2013-09,1860.0,1013.0,804.0,43.0
United States,total,2013-10,1061.0,428.0,593.0,40.0
United States,total,2013-11,1654.0,846.0,772.0,36.0
United States,total,2013-12,1608.0,856.0,720.0,32.0
United States,total,2014-01,1803.0,969.0,801.0,33.0
United States,total,2014-02,1544.0,756.0,751.0,37.0
United States,total,2014-03,1787.0,879.0,873.0,35.0
United States,total,2014-04,1888.0,946.0,910.0,32.0
United States,total,2014-05,1617.0,772.0,824.0,21.0
United States,total,2014-06,1798.0,907.0,866.0,25.0
United States,total,2014-07,1694.0,787.0,875.0,32.0
United States,total,2014-08,1566.0,669.0,870.0,27.0
United States,total,2014-09,1769.0,875.0,863.0,31.0
United States,total,2014-10,1789.0,931.0,839.0,19.0
United States,total,2014-11,1356.0,672.0,658.0,26.0
United States,total,2014-12,1560.0,781.0,749.0,30.0
United States,total,2015-01,1483.0,773.0,674.0,36.0
United States,total,2015-02,1412.0,640.0,740.0,32.0
United States,total,2015-03,1680.0,790.0,857.0,33.0
United States,total,2015-04,1589.0,773.0,792.0,24.0
United States,total,2015-05,1456.0,731.0,699.0,26.0
United States,total,2015-06,1629.0,815.0,775.0,39.0
United States,total,2015-07,1637.0,802.0,811.0,24.0
United States,total,2015-08,1253.0,545.0,687.0,21.0
United States,total,2015-09,1761.0,789.0,935.0,37.0
United States,total,2015-10,1721.0,800.0,897.0,24.0
United States,total,2015-11,1667.0,752.0,881.0,34.0
United States,total,2015-12,1541.0,687.0,822.0,32.0
United States,total,2016-01,1449.0,590.0,829.0,30.0
United States,total,2016-02,1729.0,694.0,1008.0,27.0
United States,total,2016-03,2167.0,897.0,1228.0,42.0
United States,total,2016-04,1901.0,844.0,1031.0,26.0
United States,total,2016-05,2076.0,885.0,1149.0,42.0
United States,total,2016-06,2186.0,1017.0,1134.0,35.0
United States,total,2016-07,1771.0,725.0,1008.0,38.0
United States,total,2016-08,1978.0,815.0,1120.0,43.0
United States,total,2016-09,2142.0,1018.0,1077.0,47.0
United States,total,2016-10,2105.0,896.0,1184.0,25.0
United States,total,2016-11,2225.0,952.0,1235.0,38.0
United States,total,2016-12,2026.0,874.0,1116.0,36.0
United States,total,2017-01,2159.0,889.0,1215.0,55.0
United States,total,2017-02,2197.0,865.0,1304.0,28.0
United States,total,2017-03,2781.0,1076.0,1676.0,29.0
United States,total,2017-04,2432.0,951.0,1445.0,36.0
United States,total,2017-05,2803.0,1078.0,1678.0,47.0
United States,total,2017-06,2980.0,1108.0,1839.0,33.0
United States,total,2017-07,2513.0,815.0,1657.0,41.0
United States,total,2017-08,3340.0,1139.0,2145.0,56.0
United States,total,2017-09,2734.0,963.0,1722.0,49.0
United States,total,2017-10,3268.0,1154.0,2076.0,38.0
United States,total,2017-11,3198.0,1158.0,1991.0,49.0
United States,total,2017-12,2540.0,892.0,1617.0,31.0
United States,total,2018-01,3115.0,1143.0,1930.0,42.0
United States,total,2018-02,3346.0,1147.0,2157.0,42.0
United States,total,2018-03,3893.0,1337.0,2510.0,46.0
United States,total,2018-04,4112.0,1498.0,2542.0,72.0
United States,total,2018-05,4257.0,1446.0,2751.0,60.0
United States,total,2018-06,3247.0,1012.0,2173.0,62.0
United States,total,2018-07,3555.0,1074.0,2439.0,42.0
United States,total,2018-08,4004.0,1231.0,2704.0,69.0
United States,total,2018-09,3782.0,1157.0,2573.0,52.0
United States,total,2018-10,5638.0,1715.0,3863.0,60.0
United States,total,2018-11,4928.0,1577.0,3275.0,76.0
United States,total,2018-12,3771.0,1175.0,2551.0,45.0
United States,total,2019-01,1460.0,360.0,1082.0,18.0
United States,total,2019-02,4929.0,1527.0,3356.0,46.0
United States,total,2019-03,5835.0,1689.0,4072.0,74.0
United States,total,2019-04,6604.0,1999.0,4517.0,88.0
United States,total,2019-05,7070.0,2194.0,4593.0,283.0
United States,total,2019-06,6382.0,1942.0,4205.0,235.0
United States,total,2019-07,7273.0,2276.0,4778.0,219.0
United States,total,2019-08,7668.0,2235.0,5238.0,195.0
United States,total,2019-09,7634.0,2207.0,5224.0,203.0
United States,total,2019-10,9123.0,2521.0,6337.0,265.0
United States,total,2019-11,7973.0,2248.0,5389.0,336.0
United States,total,2019-12,7994.0,2314.0,5357.0,323.0
United States,total,2020-01,10078.0,2740.0,7001.0,337.0
United States,total,2020-02,10514.0,2784.0,7428.0,302.0
United States,total,2020-03,7285.0,1931.0,5045.0,309.0
United States,total,2020-04,1568.0,484.0,954.0,130.0
United States,total,2020-05,1332.0,354.0,849.0,129.0
United States,total,2020-06,1497.0,377.0,991.0,129.0
United States,total,2020-07,1635.0,532.0,975.0,128.0
United States,total,2020-08,1802.0,701.0,996.0,105.0
United States,total,2020-09,2000.0,609.0,1271.0,120.0
United States,total,2020-10,2672.0,870.0,1679.0,123.0
United States,total,2020-11,2303.0,707.0,1489.0,107.0
United States,total,2020-12,1961.0,588.0,1281.0,92.0
United States,total,2021-01,1847.0,558.0,1156.0,133.0
United States,total,2021-02,1767.0,480.0,999.0,288.0
United States,total,2021-03,2415.0,873.0,1355.0,187.0
United States,total,2021-04,2396.0,831.0,1393.0,172.0
United States,total,2021-05,2189.0,733.0,1339.0,117.0
United States,total,2021-06,1819.0,677.0,1002.0,140.0
United States,total,2021-07,2183.0,1085.0,952.0,146.0
United States,total,2021-08,2646.0,1285.0,1207.0,154.0
United States,total,2021-09,2783.0,1351.0,1313.0,119.0
United States,total,2021-10,3100.0,1439.0,1528.0,133.0
United States,total,2021-11,3047.0,1572.0,1347.0,128.0
United States,total,2021-12,3055.0,1563.0,1353.0,139.0
United States,total,2022-01,3088.0,1520.0,1436.0,132.0
United States,total,2022-02,3742.0,1624.0,1935.0,183.0
United States,total,2022-03,5410.0,2421.0,2683.0,306.0
United States,total,2022-04,4760.0,2382.0,2080.0,298.0
United States,total,2022-05,4838.0,2615.0,1986.0,237.0
United States,total,2022-06,4933.0,2450.0,2247.0,236.0
United States,total,2022-07,5460.0,2341.0,2873.0,246.0
United States,total,2022-08,7459.0,2962.0,4124.0,373.0
United States,total,2022-09,7334.0,3067.0,3941.0,326.0
United States,total,2022-10,7063.0,3036.0,3706.0,321.0
United States,total,2022-11,6322.0,2879.0,3181.0,262.0
United States,total,2022-12,5928.0,2881.0,2757.0,290.0
United States,total,2023-01,6751.0,3253.0,3164.0,334.0
United States,total,2023-02,6609.0,2996.0,3275.0,338.0
United States,total,2023-03,7530.0,3550.0,3578.0,402.0
United States,total,2023-04,5981.0,2749.0,2960.0,272.0
United States,total,2023-05,6486.0,3159.0,2957.0,370.0
United States,total,2023-06,5667.0,2724.0,2559.0,384.0
United States,total,2023-07,5323.0,2603.0,2388.0,332.0
United States,total,2023-08,6683.0,3404.0,2871.0,408.0
United States,total,2023-09,6107.0,3117.0,2599.0,391.0
United States,total,2023-10,6460.0,3229.0,2822.0,409.0
United States,total,2023-11,6306.0,3118.0,2841.0,347.0
United States,total,2023-12,5616.0,2673.0,2582.0,361.0
United States,total,2024-01,6498.0,3036.0,3088.0,374.0
United States,total,2024-02,6702.0,3187.0,3061.0,454.0
United States,total,2024-03,7061.0,3273.0,3299.0,489.0
United States,total,2024-04,7435.0,3262.0,3624.0,549.0
United States,total,2024-05,7699.0,3317.0,3858.0,524.0
United States,total,2024-06,6453.0,2789.0,3240.0,424.0
United States,total,2024-07,7145.0,2974.0,3663.0,508.0
United States,total,2024-08,7248.0,2666.0,4022.0,560.0
United States,total,2024-09,6678.0,2358.0,3865.0,455.0
United States,total,2024-10,7953.0,2771.0,4582.0,600.0
United States,total,2024-11,6910.0,2250.0,4169.0,491.0
United States,total,2024-12,6413.0,2098.0,3763.0,552.0
United States,total,2025-01,8675.0,2669.0,5423.0,583.0
United States,total,2025-02,10545.0,2579.0,7356.0,610.0
United States,total,2025-03,12181.0,2763.0,8771.0,647.0
United States,total,2025-04,12766.0,2650.0,9445.0,671.0
United States,total,2025-05,12812.0,2614.0,9530.0,668.0
United States,total,2025-06,11158.0,2529.0,7930.0,699.0
United States,total,2025-07,10711.0,2113.0,7791.0,807.0
United States,total,2025-08,10686.0,1948.0,7886.0,852.0
United States,total,2025-09,11126.0,1642.0,8475.0,1009.0
United States,total,2025-10,11210.0,1586.0,8655.0,969.0
United States,total,2025-11,8741.0,1196.0,6607.0,938.0
United States,total,2025-12,8725.0,795.0,6954.0,976.0
United States,total,2026-01,10348.0,650.0,8872.0,826.0
United States,total,2026-02,11442.0,559.0,10320.0,563.0
United States,total,2026-03,14467.0,743.0,13304.0,420.0
United States,total,2026-04,13185.0,773.0,12170.0,242.0
United States,total,2026-05,12732.0,699.0,11945.0,88.0
United States,english,2000-10,26.0,12.0,14.0,0.0
United States,english,2000-11,43.0,21.0,22.0,0.0
United States,english,2000-12,36.0,14.0,21.0,1.0
United States,english,2001-01,55.0,23.0,32.0,0.0
United States,english,2001-02,42.0,13.0,27.0,2.0
United States,english,2001-03,42.0,17.0,25.0,0.0
United States,english,2001-04,58.0,28.0,27.0,3.0
United States,english,2001-05,62.0,26.0,36.0,0.0
United States,english,2001-06,41.0,23.0,18.0,0.0
United States,english,2001-07,36.0,18.0,18.0,0.0
United States,english,2001-08,63.0,24.0,39.0,0.0
United States,english,2001-09,49.0,18.0,30.0,1.0
United States,english,2001-10,54.0,28.0,24.0,2.0
United States,english,2001-11,78.0,33.0,44.0,1.0
United States,english,2001-12,42.0,23.0,19.0,0.0
United States,english,2002-01,60.0,28.0,31.0,1.0
United States,english,2002-02,80.0,32.0,48.0,0.0
United States,english,2002-03,50.0,17.0,33.0,0.0
United States,english,2002-04,74.0,24.0,50.0,0.0
United States,english,2002-05,117.0,53.0,64.0,0.0
United States,english,2002-06,66.0,32.0,32.0,2.0
United States,english,2002-07,93.0,41.0,51.0,1.0
United States,english,2002-08,84.0,30.0,53.0,1.0
United States,english,2002-09,83.0,45.0,37.0,1.0
United States,english,2002-10,85.0,24.0,61.0,0.0
United States,english,2002-11,75.0,31.0,40.0,4.0
United States,english,2002-12,52.0,19.0,32.0,1.0
United States,english,2003-01,90.0,45.0,42.0,3.0
United States,english,2003-02,64.0,20.0,42.0,2.0
United States,english,2003-03,86.0,43.0,42.0,1.0
United States,english,2003-04,117.0,48.0,67.0,2.0
United States,english,2003-05,72.0,27.0,43.0,2.0
United States,english,2003-06,105.0,46.0,59.0,0.0
United States,english,2003-07,90.0,40.0,50.0,0.0
United States,english,2003-08,97.0,42.0,52.0,3.0
United States,english,2003-09,90.0,44.0,44.0,2.0
United States,english,2003-10,76.0,26.0,50.0,0.0
United States,english,2003-11,65.0,29.0,36.0,0.0
United States,english,2003-12,71.0,32.0,37.0,2.0
United States,english,2004-01,69.0,39.0,30.0,0.0
United States,english,2004-02,62.0,34.0,28.0,0.0
United States,english,2004-03,74.0,40.0,31.0,3.0
United States,english,2004-04,66.0,28.0,37.0,1.0
United States,english,2004-05,77.0,26.0,50.0,1.0
United States,english,2004-06,51.0,32.0,19.0,0.0
United States,english,2004-07,65.0,28.0,35.0,2.0
United States,english,2004-08,61.0,26.0,33.0,2.0
United States,english,2004-09,66.0,28.0,37.0,1.0
United States,english,2004-10,72.0,34.0,37.0,1.0
United States,english,2004-11,68.0,28.0,38.0,2.0
United States,english,2004-12,72.0,38.0,32.0,2.0
United States,english,2005-01,68.0,26.0,40.0,2.0
United States,english,2005-02,55.0,29.0,26.0,0.0
United States,english,2005-03,87.0,55.0,32.0,0.0
United States,english,2005-04,33.0,10.0,23.0,0.0
United States,english,2005-05,38.0,18.0,20.0,0.0
United States,english,2005-06,67.0,30.0,37.0,0.0
United States,english,2005-07,34.0,13.0,21.0,0.0
United States,english,2005-08,41.0,17.0,24.0,0.0
United States,english,2005-09,49.0,23.0,22.0,4.0
United States,english,2005-10,38.0,27.0,11.0,0.0
United States,english,2005-11,46.0,24.0,20.0,2.0
United States,english,2005-12,34.0,22.0,11.0,1.0
United States,english,2006-01,47.0,29.0,17.0,1.0
United States,english,2006-02,32.0,23.0,9.0,0.0
United States,english,2006-03,39.0,25.0,13.0,1.0
United States,english,2006-04,42.0,27.0,15.0,0.0
United States,english,2006-05,61.0,36.0,25.0,0.0
United States,english,2006-06,46.0,23.0,21.0,2.0
United States,english,2006-07,28.0,16.0,12.0,0.0
United States,english,2006-08,14.0,8.0,6.0,0.0
United States,english,2006-09,50.0,31.0,18.0,1.0
United States,english,2006-10,33.0,20.0,13.0,0.0
United States,english,2006-11,26.0,16.0,10.0,0.0
United States,english,2006-12,33.0,21.0,12.0,0.0
United States,english,2007-01,40.0,21.0,18.0,1.0
United States,english,2007-02,14.0,11.0,3.0,0.0
United States,english,2007-03,14.0,10.0,4.0,0.0
United States,english,2007-04,26.0,15.0,11.0,0.0
United States,english,2007-05,34.0,20.0,13.0,1.0
United States,english,2007-06,32.0,19.0,12.0,1.0
United States,english,2007-07,33.0,22.0,9.0,2.0
United States,english,2007-08,28.0,22.0,5.0,1.0
United States,english,2007-09,21.0,14.0,7.0,0.0
United States,english,2007-10,25.0,10.0,15.0,0.0
United States,english,2007-11,35.0,25.0,10.0,0.0
United States,english,2007-12,11.0,7.0,4.0,0.0
United States,english,2008-01,22.0,8.0,14.0,0.0
United States,english,2008-02,13.0,7.0,6.0,0.0
United States,english,2008-03,30.0,17.0,9.0,4.0
United States,english,2008-04,35.0,14.0,15.0,6.0
United States,english,2008-05,20.0,9.0,9.0,2.0
United States,english,2008-06,16.0,7.0,8.0,1.0
United States,english,2008-07,34.0,22.0,12.0,0.0
United States,english,2008-08,16.0,8.0,7.0,1.0
United States,english,2008-09,26.0,16.0,10.0,0.0
United States,english,2008-10,21.0,14.0,7.0,0.0
United States,english,2008-11,28.0,12.0,12.0,4.0
United States,english,2008-12,35.0,24.0,11.0,0.0
United States,english,2009-01,23.0,10.0,8.0,5.0
United States,english,2009-02,34.0,28.0,6.0,0.0
United States,english,2009-03,16.0,11.0,5.0,0.0
United States,english,2009-04,22.0,17.0,5.0,0.0
United States,english,2009-05,14.0,11.0,3.0,0.0
United States,english,2009-06,36.0,26.0,10.0,0.0
United States,english,2009-07,20.0,12.0,8.0,0.0
United States,english,2009-08,16.0,15.0,1.0,0.0
United States,english,2009-09,29.0,13.0,14.0,2.0
United States,english,2009-10,22.0,13.0,9.0,0.0
United States,english,2009-11,25.0,19.0,6.0,0.0
United States,english,2009-12,45.0,33.0,12.0,0.0
United States,english,2010-01,14.0,7.0,6.0,1.0
United States,english,2010-02,20.0,15.0,4.0,1.0
United States,english,2010-03,35.0,26.0,8.0,1.0
United States,english,2010-04,22.0,15.0,6.0,1.0
United States,english,2010-05,36.0,23.0,13.0,0.0
United States,english,2010-06,22.0,9.0,13.0,0.0
United States,english,2010-07,15.0,12.0,2.0,1.0
United States,english,2010-08,30.0,23.0,7.0,0.0
United States,english,2010-09,48.0,20.0,26.0,2.0
United States,english,2010-10,29.0,20.0,9.0,0.0
United States,english,2010-11,26.0,16.0,9.0,1.0
United States,english,2010-12,15.0,9.0,6.0,0.0
United States,english,2011-01,17.0,9.0,7.0,1.0
United States,english,2011-02,16.0,10.0,6.0,0.0
United States,english,2011-03,23.0,16.0,7.0,0.0
United States,english,2011-04,20.0,12.0,8.0,0.0
United States,english,2011-05,12.0,6.0,6.0,0.0
United States,english,2011-06,20.0,15.0,5.0,0.0
United States,english,2011-07,16.0,13.0,2.0,1.0
United States,english,2011-08,28.0,17.0,11.0,0.0
United States,english,2011-09,23.0,18.0,4.0,1.0
United States,english,2011-10,22.0,16.0,6.0,0.0
United States,english,2011-11,18.0,12.0,6.0,0.0
United States,english,2011-12,9.0,9.0,0.0,0.0
United States,english,2012-01,10.0,7.0,3.0,0.0
United States,english,2012-02,18.0,12.0,6.0,0.0
United States,english,2012-03,13.0,8.0,5.0,0.0
United States,english,2012-04,18.0,12.0,6.0,0.0
United States,english,2012-05,13.0,8.0,5.0,0.0
United States,english,2012-06,15.0,5.0,9.0,1.0
United States,english,2012-07,4.0,3.0,1.0,0.0
United States,english,2012-08,17.0,14.0,3.0,0.0
United States,english,2012-09,16.0,7.0,8.0,1.0
United States,english,2012-10,19.0,18.0,1.0,0.0
United States,english,2012-11,13.0,5.0,8.0,0.0
United States,english,2012-12,6.0,3.0,3.0,0.0
United States,english,2013-01,16.0,4.0,12.0,0.0
United States,english,2013-02,7.0,5.0,2.0,0.0
United States,english,2013-03,12.0,9.0,3.0,0.0
United States,english,2013-04,4.0,3.0,1.0,0.0
United States,english,2013-05,11.0,7.0,3.0,1.0
United States,english,2013-06,13.0,9.0,4.0,0.0
United States,english,2013-07,12.0,4.0,8.0,0.0
United States,english,2013-08,17.0,11.0,6.0,0.0
United States,english,2013-09,2.0,1.0,1.0,0.0
United States,english,2013-10,3.0,2.0,1.0,0.0
United States,english,2013-11,9.0,5.0,4.0,0.0
United States,english,2013-12,12.0,7.0,5.0,0.0
United States,english,2014-01,9.0,7.0,2.0,0.0
United States,english,2014-02,8.0,6.0,2.0,0.0
United States,english,2014-03,12.0,7.0,3.0,2.0
United States,english,2014-04,0.0,0.0,0.0,0.0
United States,english,2014-05,6.0,4.0,2.0,0.0
United States,english,2014-06,8.0,3.0,5.0,0.0
United States,english,2014-07,7.0,7.0,0.0,0.0
United States,english,2014-08,4.0,4.0,0.0,0.0
United States,english,2014-09,4.0,1.0,3.0,0.0
United States,english,2014-10,6.0,2.0,4.0,0.0
United States,english,2014-11,4.0,3.0,1.0,0.0
United States,english,2014-12,6.0,5.0,1.0,0.0
United States,english,2015-01,6.0,4.0,2.0,0.0
United States,english,2015-02,9.0,4.0,5.0,0.0
United States,english,2015-03,5.0,3.0,2.0,0.0
United States,english,2015-04,2.0,0.0,2.0,0.0
United States,english,2015-05,3.0,1.0,2.0,0.0
United States,english,2015-06,1.0,0.0,1.0,0.0
United States,english,2015-07,2.0,2.0,0.0,0.0
United States,english,2015-08,4.0,3.0,1.0,0.0
United States,english,2015-09,6.0,3.0,3.0,0.0
United States,english,2015-10,7.0,5.0,2.0,0.0
United States,english,2015-11,4.0,4.0,0.0,0.0
United States,english,2015-12,3.0,2.0,1.0,0.0
United States,english,2016-01,3.0,1.0,2.0,0.0
United States,english,2016-02,6.0,5.0,1.0,0.0
United States,english,2016-03,7.0,2.0,5.0,0.0
United States,english,2016-04,6.0,4.0,2.0,0.0
United States,english,2016-05,1.0,0.0,1.0,0.0
United States,english,2016-06,7.0,6.0,1.0,0.0
United States,english,2016-07,9.0,5.0,4.0,0.0
United States,english,2016-08,5.0,1.0,3.0,1.0
United States,english,2016-09,5.0,3.0,2.0,0.0
United States,english,2016-10,6.0,2.0,4.0,0.0
United States,english,2016-11,11.0,8.0,3.0,0.0
United States,english,2016-12,7.0,5.0,2.0,0.0
United States,english,2017-01,1.0,1.0,0.0,0.0
United States,english,2017-02,3.0,2.0,1.0,0.0
United States,english,2017-03,13.0,5.0,7.0,1.0
United States,english,2017-04,9.0,8.0,1.0,0.0
United States,english,2017-05,9.0,6.0,3.0,0.0
United States,english,2017-06,3.0,3.0,0.0,0.0
United States,english,2017-07,4.0,3.0,1.0,0.0
United States,english,2017-08,6.0,4.0,2.0,0.0
United States,english,2017-09,8.0,0.0,8.0,0.0
United States,english,2017-10,20.0,16.0,1.0,3.0
United States,english,2017-11,6.0,2.0,3.0,1.0
United States,english,2017-12,2.0,0.0,2.0,0.0
United States,english,2018-01,7.0,2.0,5.0,0.0
United States,english,2018-02,9.0,5.0,4.0,0.0
United States,english,2018-03,9.0,6.0,2.0,1.0
United States,english,2018-04,13.0,4.0,9.0,0.0
United States,english,2018-05,9.0,8.0,1.0,0.0
United States,english,2018-06,9.0,3.0,5.0,1.0
United States,english,2018-07,19.0,15.0,3.0,1.0
United States,english,2018-08,9.0,3.0,6.0,0.0
United States,english,2018-09,2.0,1.0,1.0,0.0
United States,english,2018-10,17.0,11.0,6.0,0.0
United States,english,2018-11,21.0,16.0,3.0,2.0
United States,english,2018-12,18.0,16.0,2.0,0.0
United States,english,2019-01,1.0,1.0,0.0,0.0
United States,english,2019-02,8.0,7.0,1.0,0.0
United States,english,2019-03,9.0,5.0,4.0,0.0
United States,english,2019-04,11.0,7.0,3.0,1.0
United States,english,2019-05,14.0,6.0,7.0,1.0
United States,english,2019-06,25.0,21.0,2.0,2.0
United States,english,2019-07,8.0,6.0,2.0,0.0
United States,english,2019-08,11.0,3.0,8.0,0.0
United States,english,2019-09,20.0,11.0,7.0,2.0
United States,english,2019-10,26.0,10.0,16.0,0.0
United States,english,2019-11,10.0,5.0,5.0,0.0
United States,english,2019-12,6.0,4.0,2.0,0.0
United States,english,2020-01,15.0,12.0,3.0,0.0
United States,english,2020-02,26.0,18.0,8.0,0.0
United States,english,2020-03,22.0,13.0,9.0,0.0
United States,english,2020-04,4.0,0.0,3.0,1.0
United States,english,2020-05,4.0,3.0,1.0,0.0
United States,english,2020-06,7.0,5.0,0.0,2.0
United States,english,2020-07,3.0,0.0,1.0,2.0
United States,english,2020-08,5.0,3.0,2.0,0.0
United States,english,2020-09,7.0,5.0,2.0,0.0
United States,english,2020-10,2.0,1.0,0.0,1.0
United States,english,2020-11,13.0,8.0,5.0,0.0
United States,english,2020-12,1.0,0.0,1.0,0.0
United States,english,2021-01,8.0,8.0,0.0,0.0
United States,english,2021-02,1.0,0.0,1.0,0.0
United States,english,2021-03,3.0,2.0,0.0,1.0
United States,english,2021-04,3.0,2.0,1.0,0.0
United States,english,2021-05,4.0,2.0,1.0,1.0
United States,english,2021-06,3.0,3.0,0.0,0.0
United States,english,2021-07,12.0,6.0,2.0,4.0
United States,english,2021-08,15.0,9.0,0.0,6.0
United States,english,2021-09,6.0,5.0,1.0,0.0
United States,english,2021-10,19.0,11.0,8.0,0.0
United States,english,2021-11,25.0,18.0,7.0,0.0
United States,english,2021-12,21.0,13.0,8.0,0.0
United States,english,2022-01,14.0,10.0,4.0,0.0
United States,english,2022-02,29.0,29.0,0.0,0.0
United States,english,2022-03,25.0,20.0,4.0,1.0
United States,english,2022-04,74.0,50.0,14.0,10.0
United States,english,2022-05,46.0,40.0,6.0,0.0
United States,english,2022-06,46.0,31.0,15.0,0.0
United States,english,2022-07,37.0,22.0,13.0,2.0
United States,english,2022-08,47.0,35.0,11.0,1.0
United States,english,2022-09,28.0,17.0,8.0,3.0
United States,english,2022-10,20.0,16.0,3.0,1.0
United States,english,2022-11,38.0,26.0,8.0,4.0
United States,english,2022-12,39.0,29.0,8.0,2.0
United States,english,2023-01,39.0,30.0,5.0,4.0
United States,english,2023-02,40.0,27.0,13.0,0.0
United States,english,2023-03,24.0,14.0,10.0,0.0
United States,english,2023-04,19.0,16.0,3.0,0.0
United States,english,2023-05,46.0,33.0,11.0,2.0
United States,english,2023-06,17.0,11.0,6.0,0.0
United States,english,2023-07,31.0,20.0,11.0,0.0
United States,english,2023-08,35.0,34.0,1.0,0.0
United States,english,2023-09,32.0,28.0,4.0,0.0
United States,english,2023-10,32.0,28.0,4.0,0.0
United States,english,2023-11,36.0,21.0,12.0,3.0
United States,english,2023-12,24.0,19.0,5.0,0.0
United States,english,2024-01,49.0,34.0,15.0,0.0
United States,english,2024-02,29.0,29.0,0.0,0.0
United States,english,2024-03,65.0,54.0,10.0,1.0
United States,english,2024-04,44.0,40.0,4.0,0.0
United States,english,2024-05,38.0,30.0,8.0,0.0
United States,english,2024-06,33.0,27.0,6.0,0.0
United States,english,2024-07,34.0,30.0,3.0,1.0
United States,english,2024-08,33.0,24.0,9.0,0.0
United States,english,2024-09,55.0,41.0,13.0,1.0
United States,english,2024-10,40.0,30.0,6.0,4.0
United States,english,2024-11,28.0,28.0,0.0,0.0
United States,english,2024-12,36.0,23.0,11.0,2.0
United States,english,2025-01,42.0,26.0,13.0,3.0
United States,english,2025-02,48.0,38.0,10.0,0.0
United States,english,2025-03,35.0,22.0,13.0,0.0
United States,english,2025-04,47.0,17.0,29.0,1.0
United States,english,2025-05,45.0,24.0,20.0,1.0
United States,english,2025-06,47.0,20.0,24.0,3.0
United States,english,2025-07,58.0,17.0,37.0,4.0
United States,english,2025-08,59.0,18.0,38.0,3.0
United States,english,2025-09,59.0,21.0,38.0,0.0
United States,english,2025-10,67.0,23.0,42.0,2.0
United States,english,2025-11,59.0,20.0,39.0,0.0
United States,english,2025-12,35.0,4.0,29.0,2.0
United States,english,2026-01,24.0,7.0,14.0,3.0
United States,english,2026-02,32.0,4.0,28.0,0.0
United States,english,2026-03,21.0,11.0,9.0,1.0
United States,english,2026-04,14.0,5.0,9.0,0.0
United States,english,2026-05,36.0,3.0,33.0,0.0
United States,non_english,2000-10,2146.0,863.0,1245.0,38.0
United States,non_english,2000-11,1999.0,842.0,1126.0,31.0
United States,non_english,2000-12,1692.0,692.0,971.0,29.0
United States,non_english,2001-01,2046.0,770.0,1241.0,35.0
United States,non_english,2001-02,1980.0,723.0,1230.0,27.0
United States,non_english,2001-03,2231.0,899.0,1296.0,36.0
United States,non_english,2001-04,2122.0,844.0,1251.0,27.0
United States,non_english,2001-05,2470.0,997.0,1426.0,47.0
United States,non_english,2001-06,1809.0,734.0,1044.0,31.0
United States,non_english,2001-07,2088.0,903.0,1154.0,31.0
United States,non_english,2001-08,2417.0,971.0,1421.0,25.0
United States,non_english,2001-09,1486.0,532.0,919.0,35.0
United States,non_english,2001-10,2265.0,842.0,1380.0,43.0
United States,non_english,2001-11,2079.0,830.0,1230.0,19.0
United States,non_english,2001-12,1784.0,677.0,1082.0,25.0
United States,non_english,2002-01,2298.0,851.0,1412.0,35.0
United States,non_english,2002-02,2324.0,893.0,1399.0,32.0
United States,non_english,2002-03,2421.0,904.0,1481.0,36.0
United States,non_english,2002-04,2563.0,973.0,1554.0,36.0
United States,non_english,2002-05,2873.0,1087.0,1744.0,42.0
United States,non_english,2002-06,1964.0,755.0,1190.0,19.0
United States,non_english,2002-07,2722.0,975.0,1708.0,39.0
United States,non_english,2002-08,2586.0,928.0,1617.0,41.0
United States,non_english,2002-09,2599.0,878.0,1686.0,35.0
United States,non_english,2002-10,2973.0,1102.0,1817.0,54.0
United States,non_english,2002-11,2415.0,935.0,1448.0,32.0
United States,non_english,2002-12,2206.0,873.0,1307.0,26.0
United States,non_english,2003-01,2911.0,1072.0,1811.0,28.0
United States,non_english,2003-02,2674.0,989.0,1643.0,42.0
United States,non_english,2003-03,2977.0,1051.0,1877.0,49.0
United States,non_english,2003-04,3334.0,1256.0,2033.0,45.0
United States,non_english,2003-05,3118.0,1153.0,1939.0,26.0
United States,non_english,2003-06,3006.0,1097.0,1866.0,43.0
United States,non_english,2003-07,3118.0,1156.0,1911.0,51.0
United States,non_english,2003-08,2891.0,1059.0,1774.0,58.0
United States,non_english,2003-09,3136.0,1207.0,1867.0,62.0
United States,non_english,2003-10,3278.0,1222.0,2015.0,41.0
United States,non_english,2003-11,2373.0,921.0,1405.0,47.0
United States,non_english,2003-12,2684.0,1043.0,1609.0,32.0
United States,non_english,2004-01,2719.0,1006.0,1662.0,51.0
United States,non_english,2004-02,2721.0,1042.0,1635.0,44.0
United States,non_english,2004-03,3255.0,1234.0,1961.0,60.0
United States,non_english,2004-04,2940.0,1108.0,1779.0,53.0
United States,non_english,2004-05,2833.0,1093.0,1683.0,57.0
United States,non_english,2004-06,2364.0,878.0,1444.0,42.0
United States,non_english,2004-07,2579.0,1044.0,1478.0,57.0
United States,non_english,2004-08,2736.0,1045.0,1643.0,48.0
United States,non_english,2004-09,2619.0,1021.0,1523.0,75.0
United States,non_english,2004-10,2618.0,1105.0,1473.0,40.0
United States,non_english,2004-11,2527.0,970.0,1519.0,38.0
United States,non_english,2004-12,2445.0,1054.0,1352.0,39.0
United States,non_english,2005-01,2710.0,965.0,1688.0,57.0
United States,non_english,2005-02,2574.0,951.0,1586.0,37.0
United States,non_english,2005-03,3022.0,1168.0,1808.0,46.0
United States,non_english,2005-04,2416.0,768.0,1600.0,48.0
United States,non_english,2005-05,2408.0,856.0,1514.0,38.0
United States,non_english,2005-06,2657.0,997.0,1615.0,45.0
United States,non_english,2005-07,2044.0,779.0,1242.0,23.0
United States,non_english,2005-08,2160.0,766.0,1347.0,47.0
United States,non_english,2005-09,2482.0,1011.0,1441.0,30.0
United States,non_english,2005-10,2256.0,1010.0,1217.0,29.0
United States,non_english,2005-11,2510.0,1092.0,1370.0,48.0
United States,non_english,2005-12,2199.0,971.0,1195.0,33.0
United States,non_english,2006-01,2381.0,989.0,1353.0,39.0
United States,non_english,2006-02,2426.0,1084.0,1305.0,37.0
United States,non_english,2006-03,2899.0,1309.0,1539.0,51.0
United States,non_english,2006-04,2507.0,1076.0,1382.0,49.0
United States,non_english,2006-05,2742.0,1260.0,1431.0,51.0
United States,non_english,2006-06,2850.0,1246.0,1549.0,55.0
United States,non_english,2006-07,2315.0,1043.0,1229.0,43.0
United States,non_english,2006-08,1982.0,927.0,1018.0,37.0
United States,non_english,2006-09,2244.0,1005.0,1193.0,46.0
United States,non_english,2006-10,2451.0,1147.0,1257.0,47.0
United States,non_english,2006-11,2376.0,1147.0,1192.0,37.0
United States,non_english,2006-12,2140.0,1081.0,1021.0,38.0
United States,non_english,2007-01,2364.0,1066.0,1259.0,39.0
United States,non_english,2007-02,2239.0,1010.0,1181.0,48.0
United States,non_english,2007-03,2772.0,1278.0,1449.0,45.0
United States,non_english,2007-04,2429.0,1150.0,1249.0,30.0
United States,non_english,2007-05,2594.0,1209.0,1340.0,45.0
United States,non_english,2007-06,2415.0,1077.0,1292.0,46.0
United States,non_english,2007-07,2146.0,960.0,1141.0,45.0
United States,non_english,2007-08,1622.0,681.0,914.0,27.0
United States,non_english,2007-09,1858.0,839.0,985.0,34.0
United States,non_english,2007-10,2221.0,989.0,1190.0,42.0
United States,non_english,2007-11,1967.0,908.0,1023.0,36.0
United States,non_english,2007-12,1577.0,743.0,806.0,28.0
United States,non_english,2008-01,2119.0,933.0,1147.0,39.0
United States,non_english,2008-02,1865.0,791.0,1041.0,33.0
United States,non_english,2008-03,2129.0,857.0,1226.0,46.0
United States,non_english,2008-04,1971.0,815.0,1108.0,48.0
United States,non_english,2008-05,2026.0,969.0,1026.0,31.0
United States,non_english,2008-06,2063.0,1010.0,1017.0,36.0
United States,non_english,2008-07,2148.0,998.0,1109.0,41.0
United States,non_english,2008-08,1696.0,779.0,881.0,36.0
United States,non_english,2008-09,2006.0,943.0,1024.0,39.0
United States,non_english,2008-10,2012.0,959.0,1021.0,32.0
United States,non_english,2008-11,1599.0,768.0,774.0,57.0
United States,non_english,2008-12,1599.0,801.0,745.0,53.0
United States,non_english,2009-01,1677.0,752.0,865.0,60.0
United States,non_english,2009-02,1647.0,770.0,834.0,43.0
United States,non_english,2009-03,2026.0,941.0,1022.0,63.0
United States,non_english,2009-04,2134.0,1010.0,1076.0,48.0
United States,non_english,2009-05,1818.0,852.0,905.0,61.0
United States,non_english,2009-06,1938.0,951.0,942.0,45.0
United States,non_english,2009-07,1824.0,848.0,921.0,55.0
United States,non_english,2009-08,1270.0,577.0,654.0,39.0
United States,non_english,2009-09,1765.0,844.0,870.0,51.0
United States,non_english,2009-10,1730.0,824.0,871.0,35.0
United States,non_english,2009-11,1554.0,698.0,813.0,43.0
United States,non_english,2009-12,1552.0,820.0,695.0,37.0
United States,non_english,2010-01,1503.0,801.0,668.0,34.0
United States,non_english,2010-02,1339.0,655.0,635.0,49.0
United States,non_english,2010-03,1887.0,909.0,925.0,53.0
United States,non_english,2010-04,1779.0,902.0,822.0,55.0
United States,non_english,2010-05,1643.0,834.0,757.0,52.0
United States,non_english,2010-06,1686.0,816.0,816.0,54.0
United States,non_english,2010-07,1228.0,622.0,573.0,33.0
United States,non_english,2010-08,1607.0,872.0,693.0,42.0
United States,non_english,2010-09,1619.0,908.0,671.0,40.0
United States,non_english,2010-10,1587.0,864.0,676.0,47.0
United States,non_english,2010-11,1497.0,795.0,664.0,38.0
United States,non_english,2010-12,1531.0,754.0,721.0,56.0
United States,non_english,2011-01,1695.0,883.0,758.0,54.0
United States,non_english,2011-02,1694.0,887.0,755.0,52.0
United States,non_english,2011-03,2256.0,1161.0,1033.0,62.0
United States,non_english,2011-04,1944.0,952.0,932.0,60.0
United States,non_english,2011-05,2137.0,1090.0,988.0,59.0
United States,non_english,2011-06,2101.0,1141.0,917.0,43.0
United States,non_english,2011-07,1349.0,675.0,647.0,27.0
United States,non_english,2011-08,2124.0,1069.0,1002.0,53.0
United States,non_english,2011-09,1906.0,1063.0,787.0,56.0
United States,non_english,2011-10,1889.0,1049.0,766.0,74.0
United States,non_english,2011-11,1811.0,997.0,767.0,47.0
United States,non_english,2011-12,1638.0,951.0,633.0,54.0
United States,non_english,2012-01,1826.0,994.0,784.0,48.0
United States,non_english,2012-02,1760.0,1008.0,711.0,41.0
United States,non_english,2012-03,1916.0,1100.0,775.0,41.0
United States,non_english,2012-04,1886.0,1073.0,771.0,42.0
United States,non_english,2012-05,1787.0,915.0,844.0,28.0
United States,non_english,2012-06,1867.0,1051.0,776.0,40.0
United States,non_english,2012-07,1401.0,765.0,604.0,32.0
United States,non_english,2012-08,1945.0,1103.0,800.0,42.0
United States,non_english,2012-09,1646.0,846.0,760.0,40.0
United States,non_english,2012-10,1694.0,835.0,806.0,53.0
United States,non_english,2012-11,1431.0,724.0,672.0,35.0
United States,non_english,2012-12,1528.0,885.0,610.0,33.0
United States,non_english,2013-01,1691.0,895.0,759.0,37.0
United States,non_english,2013-02,1549.0,802.0,720.0,27.0
United States,non_english,2013-03,1733.0,914.0,788.0,31.0
United States,non_english,2013-04,1991.0,1058.0,885.0,48.0
United States,non_english,2013-05,1972.0,998.0,934.0,40.0
United States,non_english,2013-06,1869.0,1049.0,787.0,33.0
United States,non_english,2013-07,1588.0,820.0,727.0,41.0
United States,non_english,2013-08,1914.0,983.0,894.0,37.0
United States,non_english,2013-09,1858.0,1012.0,803.0,43.0
United States,non_english,2013-10,1058.0,426.0,592.0,40.0
United States,non_english,2013-11,1645.0,841.0,768.0,36.0
United States,non_english,2013-12,1596.0,849.0,715.0,32.0
United States,non_english,2014-01,1794.0,962.0,799.0,33.0
United States,non_english,2014-02,1536.0,750.0,749.0,37.0
United States,non_english,2014-03,1775.0,872.0,870.0,33.0
United States,non_english,2014-04,1888.0,946.0,910.0,32.0
United States,non_english,2014-05,1611.0,768.0,822.0,21.0
United States,non_english,2014-06,1790.0,904.0,861.0,25.0
United States,non_english,2014-07,1687.0,780.0,875.0,32.0
United States,non_english,2014-08,1562.0,665.0,870.0,27.0
United States,non_english,2014-09,1765.0,874.0,860.0,31.0
United States,non_english,2014-10,1783.0,929.0,835.0,19.0
United States,non_english,2014-11,1352.0,669.0,657.0,26.0
United States,non_english,2014-12,1554.0,776.0,748.0,30.0
United States,non_english,2015-01,1477.0,769.0,672.0,36.0
United States,non_english,2015-02,1403.0,636.0,735.0,32.0
United States,non_english,2015-03,1675.0,787.0,855.0,33.0
United States,non_english,2015-04,1587.0,773.0,790.0,24.0
United States,non_english,2015-05,1453.0,730.0,697.0,26.0
United States,non_english,2015-06,1628.0,815.0,774.0,39.0
United States,non_english,2015-07,1635.0,800.0,811.0,24.0
United States,non_english,2015-08,1249.0,542.0,686.0,21.0
United States,non_english,2015-09,1755.0,786.0,932.0,37.0
United States,non_english,2015-10,1714.0,795.0,895.0,24.0
United States,non_english,2015-11,1663.0,748.0,881.0,34.0
United States,non_english,2015-12,1538.0,685.0,821.0,32.0
United States,non_english,2016-01,1446.0,589.0,827.0,30.0
United States,non_english,2016-02,1723.0,689.0,1007.0,27.0
United States,non_english,2016-03,2160.0,895.0,1223.0,42.0
United States,non_english,2016-04,1895.0,840.0,1029.0,26.0
United States,non_english,2016-05,2075.0,885.0,1148.0,42.0
United States,non_english,2016-06,2179.0,1011.0,1133.0,35.0
United States,non_english,2016-07,1762.0,720.0,1004.0,38.0
United States,non_english,2016-08,1973.0,814.0,1117.0,42.0
United States,non_english,2016-09,2137.0,1015.0,1075.0,47.0
United States,non_english,2016-10,2099.0,894.0,1180.0,25.0
United States,non_english,2016-11,2214.0,944.0,1232.0,38.0
United States,non_english,2016-12,2019.0,869.0,1114.0,36.0
United States,non_english,2017-01,2158.0,888.0,1215.0,55.0
United States,non_english,2017-02,2194.0,863.0,1303.0,28.0
United States,non_english,2017-03,2768.0,1071.0,1669.0,28.0
United States,non_english,2017-04,2423.0,943.0,1444.0,36.0
United States,non_english,2017-05,2794.0,1072.0,1675.0,47.0
United States,non_english,2017-06,2977.0,1105.0,1839.0,33.0
United States,non_english,2017-07,2509.0,812.0,1656.0,41.0
United States,non_english,2017-08,3334.0,1135.0,2143.0,56.0
United States,non_english,2017-09,2726.0,963.0,1714.0,49.0
United States,non_english,2017-10,3248.0,1138.0,2075.0,35.0
United States,non_english,2017-11,3192.0,1156.0,1988.0,48.0
United States,non_english,2017-12,2538.0,892.0,1615.0,31.0
United States,non_english,2018-01,3108.0,1141.0,1925.0,42.0
United States,non_english,2018-02,3337.0,1142.0,2153.0,42.0
United States,non_english,2018-03,3884.0,1331.0,2508.0,45.0
United States,non_english,2018-04,4099.0,1494.0,2533.0,72.0
United States,non_english,2018-05,4248.0,1438.0,2750.0,60.0
United States,non_english,2018-06,3238.0,1009.0,2168.0,61.0
United States,non_english,2018-07,3536.0,1059.0,2436.0,41.0
United States,non_english,2018-08,3995.0,1228.0,2698.0,69.0
United States,non_english,2018-09,3780.0,1156.0,2572.0,52.0
United States,non_english,2018-10,5621.0,1704.0,3857.0,60.0
United States,non_english,2018-11,4907.0,1561.0,3272.0,74.0
United States,non_english,2018-12,3753.0,1159.0,2549.0,45.0
United States,non_english,2019-01,1459.0,359.0,1082.0,18.0
United States,non_english,2019-02,4921.0,1520.0,3355.0,46.0
United States,non_english,2019-03,5826.0,1684.0,4068.0,74.0
United States,non_english,2019-04,6593.0,1992.0,4514.0,87.0
United States,non_english,2019-05,7056.0,2188.0,4586.0,282.0
United States,non_english,2019-06,6357.0,1921.0,4203.0,233.0
United States,non_english,2019-07,7265.0,2270.0,4776.0,219.0
United States,non_english,2019-08,7657.0,2232.0,5230.0,195.0
United States,non_english,2019-09,7614.0,2196.0,5217.0,201.0
United States,non_english,2019-10,9097.0,2511.0,6321.0,265.0
United States,non_english,2019-11,7963.0,2243.0,5384.0,336.0
United States,non_english,2019-12,7988.0,2310.0,5355.0,323.0
United States,non_english,2020-01,10063.0,2728.0,6998.0,337.0
United States,non_english,2020-02,10488.0,2766.0,7420.0,302.0
United States,non_english,2020-03,7263.0,1918.0,5036.0,309.0
United States,non_english,2020-04,1564.0,484.0,951.0,129.0
United States,non_english,2020-05,1328.0,351.0,848.0,129.0
United States,non_english,2020-06,1490.0,372.0,991.0,127.0
United States,non_english,2020-07,1632.0,532.0,974.0,126.0
United States,non_english,2020-08,1797.0,698.0,994.0,105.0
United States,non_english,2020-09,1993.0,604.0,1269.0,120.0
United States,non_english,2020-10,2670.0,869.0,1679.0,122.0
United States,non_english,2020-11,2290.0,699.0,1484.0,107.0
United States,non_english,2020-12,1960.0,588.0,1280.0,92.0
United States,non_english,2021-01,1839.0,550.0,1156.0,133.0
United States,non_english,2021-02,1766.0,480.0,998.0,288.0
United States,non_english,2021-03,2412.0,871.0,1355.0,186.0
United States,non_english,2021-04,2393.0,829.0,1392.0,172.0
United States,non_english,2021-05,2185.0,731.0,1338.0,116.0
United States,non_english,2021-06,1816.0,674.0,1002.0,140.0
United States,non_english,2021-07,2171.0,1079.0,950.0,142.0
United States,non_english,2021-08,2631.0,1276.0,1207.0,148.0
United States,non_english,2021-09,2777.0,1346.0,1312.0,119.0
United States,non_english,2021-10,3081.0,1428.0,1520.0,133.0
United States,non_english,2021-11,3022.0,1554.0,1340.0,128.0
United States,non_english,2021-12,3034.0,1550.0,1345.0,139.0
United States,non_english,2022-01,3074.0,1510.0,1432.0,132.0
United States,non_english,2022-02,3713.0,1595.0,1935.0,183.0
United States,non_english,2022-03,5385.0,2401.0,2679.0,305.0
United States,non_english,2022-04,4686.0,2332.0,2066.0,288.0
United States,non_english,2022-05,4792.0,2575.0,1980.0,237.0
United States,non_english,2022-06,4887.0,2419.0,2232.0,236.0
United States,non_english,2022-07,5423.0,2319.0,2860.0,244.0
United States,non_english,2022-08,7412.0,2927.0,4113.0,372.0
United States,non_english,2022-09,7306.0,3050.0,3933.0,323.0
United States,non_english,2022-10,7043.0,3020.0,3703.0,320.0
United States,non_english,2022-11,6284.0,2853.0,3173.0,258.0
United States,non_english,2022-12,5889.0,2852.0,2749.0,288.0
United States,non_english,2023-01,6712.0,3223.0,3159.0,330.0
United States,non_english,2023-02,6569.0,2969.0,3262.0,338.0
United States,non_english,2023-03,7506.0,3536.0,3568.0,402.0
United States,non_english,2023-04,5962.0,2733.0,2957.0,272.0
United States,non_english,2023-05,6440.0,3126.0,2946.0,368.0
United States,non_english,2023-06,5650.0,2713.0,2553.0,384.0
United States,non_english,2023-07,5292.0,2583.0,2377.0,332.0
United States,non_english,2023-08,6648.0,3370.0,2870.0,408.0
United States,non_english,2023-09,6075.0,3089.0,2595.0,391.0
United States,non_english,2023-10,6428.0,3201.0,2818.0,409.0
United States,non_english,2023-11,6270.0,3097.0,2829.0,344.0
United States,non_english,2023-12,5592.0,2654.0,2577.0,361.0
United States,non_english,2024-01,6449.0,3002.0,3073.0,374.0
United States,non_english,2024-02,6673.0,3158.0,3061.0,454.0
United States,non_english,2024-03,6996.0,3219.0,3289.0,488.0
United States,non_english,2024-04,7391.0,3222.0,3620.0,549.0
United States,non_english,2024-05,7661.0,3287.0,3850.0,524.0
United States,non_english,2024-06,6420.0,2762.0,3234.0,424.0
United States,non_english,2024-07,7111.0,2944.0,3660.0,507.0
United States,non_english,2024-08,7215.0,2642.0,4013.0,560.0
United States,non_english,2024-09,6623.0,2317.0,3852.0,454.0
United States,non_english,2024-10,7913.0,2741.0,4576.0,596.0
United States,non_english,2024-11,6882.0,2222.0,4169.0,491.0
United States,non_english,2024-12,6377.0,2075.0,3752.0,550.0
United States,non_english,2025-01,8633.0,2643.0,5410.0,580.0
United States,non_english,2025-02,10497.0,2541.0,7346.0,610.0
United States,non_english,2025-03,12146.0,2741.0,8758.0,647.0
United States,non_english,2025-04,12719.0,2633.0,9416.0,670.0
United States,non_english,2025-05,12767.0,2590.0,9510.0,667.0
United States,non_english,2025-06,11111.0,2509.0,7906.0,696.0
United States,non_english,2025-07,10653.0,2096.0,7754.0,803.0
United States,non_english,2025-08,10627.0,1930.0,7848.0,849.0
United States,non_english,2025-09,11067.0,1621.0,8437.0,1009.0
United States,non_english,2025-10,11143.0,1563.0,8613.0,967.0
United States,non_english,2025-11,8682.0,1176.0,6568.0,938.0
United States,non_english,2025-12,8690.0,791.0,6925.0,974.0
United States,non_english,2026-01,10324.0,643.0,8858.0,823.0
United States,non_english,2026-02,11410.0,555.0,10292.0,563.0
United States,non_english,2026-03,14446.0,732.0,13295.0,419.0
United States,non_english,2026-04,13171.0,768.0,12161.0,242.0
United States,non_english,2026-05,12696.0,696.0,11912.0,88.0
